credit_score,income_monthly,debt_to_income,loan_amount,payment_history,employment_years,previous_defaults,default_risk
674.8357076505616,7099.033154879004,0.3849745423879394,22865.639066206,0.8671329588229217,5.972369583123878,0,0
643.0867849414408,6386.950524369153,0.14620689089816913,11070.667540329445,0.9424186706148351,1.1012564893551535,1,0
682.3844269050346,5089.445554880262,0.3441743737786356,18201.851637737687,0.7013282600836099,0.8992850854315995,0,0
726.1514928204012,4029.594833441639,0.1776986691539204,21505.53669595871,0.6968242346020044,6.478360989403136,1,0
638.2923312638331,6047.334970420385,0.6657646470064555,20919.17258161252,0.6222914892337579,6.014040544270713,2,1
638.293152152541,5590.228078132624,0.7633816181751296,33465.168319902485,0.579945779099258,4.885209269851928,2,1
728.9606407753696,6342.789830041598,0.15062153268055703,21749.000122839538,0.6565434615559042,2.209102990489856,0,0
688.3717364576454,5952.757702522954,0.768580645104191,14979.727015789947,0.9318925013608259,3.5841781186518493,1,0
626.5262807032524,6574.329072979002,0.4658036195357217,19522.678764554636,0.7214424969016232,4.474506504626992,1,1
677.1280021792983,4197.147182659148,0.30969597456771175,11118.768332667742,1.0027228928462193,1.8082120628517733,0,0
626.8291153593768,6976.0910984514885,0.15380345269331447,19597.001253516195,0.9069427497505124,3.521942683953534,1,0
626.7135123214872,5296.3994070386,0.4504369876492925,15834.719714996207,0.5062991573123893,6.304660676353359,1,1
662.0981135783018,8112.891308937898,0.6561608811435241,24576.951377800808,1.030995116844338,7.854610728578432,0,0
554.33598776711,3966.218272865648,0.5949605340866888,17252.298627022326,1.062159729118342,4.161130494682899,0,1
563.7541083743483,7603.945704747874,0.13515820802478165,19416.170421023766,0.7012274650330294,6.512976708632197,0,1
621.8856235379513,5296.866175193972,0.15103128475753247,16822.21079297798,0.9840383085789983,1.1718798588250654,1,0
599.3584439832788,4022.8729945783275,0.38201129784284604,28694.256759266656,0.7287003525181602,6.318902482227223,0,1
665.7123666297637,4274.171248918517,0.3067033458335603,18393.786169410443,0.9195340753496671,3.392103170545038,2,0
604.5987962239394,4519.47903770852,0.2626690261392335,29162.78521739601,0.647100318609007,5.6146912334159405,1,1
579.3848149332355,5636.248919602875,0.29670314923609953,24070.75881059133,0.5413787094930846,4.504495163520581,1,1
723.2824384460777,5784.253232053249,0.6624379203078192,22410.33363667693,0.8234365620774062,7.640828019567668,0,0
638.7111849756732,4139.449994092131,0.7504596375422977,21843.665736587598,0.8752542107450327,3.2511287033201635,1,1
653.3764102343962,4963.468111608526,0.3835718861692965,21968.986491081258,0.8204640612770793,6.255212595123663,0,0
578.7625906893271,8213.405537917795,0.734277701492748,10361.63710327195,0.6631938883554881,4.440985073406933,0,1
622.7808637737409,7591.3147551510665,0.3250469908735174,18605.583029246216,0.8200201875737726,4.6833890439806725,1,1
655.5461294854933,5654.485504511048,0.43350589044065413,24225.78985592161,0.9538589505161468,4.6322922136815805,0,0
592.4503211288849,5057.0052172523,0.2582202984711998,19755.514082629474,0.8910213939754926,3.308653791011774,1,1
668.7849009172836,5180.046990077392,0.5483332295230908,12974.050765982125,0.9365002061198427,4.971802068186657,0,0
619.9680655040597,5920.276959095625,0.7852867806223662,19737.977747112654,0.7659769599091535,4.874703555756357,0,1
635.4153125103362,3465.811152202392,0.522445167230365,28520.527581277456,1.134343582943232,5.482480496813459,0,0
619.9146693885301,4613.9351938649825,0.35046985887948423,26234.4585776736,0.6647653326890439,5.169010291385725,2,1
742.6139092254468,2497.123889183616,0.55347221219337,19689.97995316984,0.9975120594173438,6.5959890992244725,1,0
649.3251387631033,5598.834683907919,0.1860444749257713,24757.246385290433,1.1363782185919924,6.847017232094737,1,0
597.114453552205,5970.793909554111,0.722061356185779,18167.464898159742,0.9961816185497792,2.8987533563443977,0,1
691.1272456051595,4275.220306550939,0.4521587655458855,11480.642065866405,0.859495154587034,6.737545001181542,0,0
588.9578175014489,7360.980144935049,0.41454481942774946,15377.67005935223,0.7943405906674041,2.627327145780291,2,1
660.4431797502377,3161.3515054964882,0.5101053519174635,27814.44384254099,1.1072175302092513,6.17571177627547,0,0
552.0164938060112,2803.43767968527,0.5373487039525817,18630.03459085348,0.6154050149476654,6.239477569405738,0,1
583.5906975550785,5336.677727839958,0.15024306435855914,18783.08010312491,0.7059751479240712,1.1773662166749919,1,1
659.8430617934562,6570.647453918232,0.5778320548563818,18500.809018625598,0.8204884469016558,5.185958493058819,0,0
686.9233289997705,7525.891537186802,0.2693521762208707,29520.682947865032,1.1475307515023996,4.063007773279368,1,0
658.5684140594985,4311.67360569659,0.5997668427546129,28129.794576810316,0.9759535272081792,3.48246948412925,1,1
644.217585880588,6618.021250146943,0.6757743560689378,31093.90116724067,0.706390848297951,7.701704661398011,0,1
634.9448152205356,4942.237295748939,0.6627709552867642,19204.773947999744,0.8379384589230193,3.692641718725162,0,1
576.0739004816286,4741.05905008877,0.48675067718552245,21478.122443735476,0.7771353711807412,3.3872461417639004,0,1
614.0077895802646,6325.489906230008,0.4641189246175259,12416.787252896043,0.758042201553293,5.1513898800101865,1,1
626.9680614520106,5978.484317620129,0.20001317293758822,27384.672130591374,1.0957779117113557,6.371179492596832,1,0
702.8561113109458,2635.411764523626,0.6427423052821949,14161.102243660325,0.6256513741472989,4.716702827979746,0,0
667.1809144784231,7214.810524588844,0.2899865663127001,21083.877818813147,1.2217561711468747,7.332741091338504,0,0
561.8479922318633,7070.1370312211775,0.44768679597256267,14513.48736183578,1.0656459380369245,6.061951323928181,1,1
666.2041984697397,4061.655947735706,0.29899186504926173,17055.66586630652,1.1181723341207397,0.6435773605371393,1,0
630.7458859791842,5593.7053001561135,0.19367985409978522,15813.687844751497,0.8074120975949484,3.9410660729859837,0,0
616.1538999847021,5741.045279424108,0.5406903878242156,16960.62369662091,0.8700118561841782,3.876315801296602,0,1
680.5838144420434,5391.010648735861,0.1380324243760327,17304.38648425511,0.6133696370950577,5.958721906858845,0,0
701.5499761247976,4174.54226923187,0.62405166388834,17258.656025374614,0.7950675185866394,-0.24963411274822356,1,0
696.5640059558099,3992.564948092923,0.3223107566827817,24166.669558901536,0.9987309695286302,10.098019417435445,2,0
608.039123838868,4961.668893512832,0.10009428510313972,14475.686034687398,1.1592126123562791,6.06205218978842,0,0
634.5393812074393,6759.093528889047,0.45779039746606087,21102.707135069333,0.6785686366395096,5.297753607835382,1,1
666.5631715701782,5815.400231891648,0.1327963359693222,26089.795761527792,0.8268988126029468,7.363135432838293,0,0
698.777256356118,4444.078501870841,0.29331869047462966,17434.01817743302,0.8697401559534955,9.687308105625249,0,0
626.0412881077355,6157.548065972517,0.5948835412190013,16410.40554626199,0.620842159561503,6.741493289176806,0,1
640.7170511668091,727.1860690548865,0.1438827351353061,18847.376874098747,1.01826984835168,6.89762619294324,1,0
594.6832512996986,6723.148550558155,0.6875369446492017,25898.626041803553,0.7552019336514781,5.261380048928765,0,1
590.1896687959664,2390.4293318328505,0.10267394586100818,20970.53815476679,0.8609219297645953,4.716948493266104,1,1
690.6262911197099,4456.338587895301,0.2727767084413316,17343.92852696201,0.8096101256176245,4.048409111990198,0,0
717.8120014285412,3320.495158060784,0.6186328393064501,22419.3832559402,0.7421322988560651,3.347776016570916,0,0
646.3994939209833,3057.9777864186417,0.32138910481051475,14488.539250817885,0.898591002903889,3.6259718006010053,0,0
700.1766448946012,6741.240181067779,0.1713246716462095,23406.79755221474,0.8568780842863956,2.2988880713140336,1,0
668.0818012523818,4298.448198032163,0.3521637431602995,22043.036538508837,0.8256284235442669,4.848257098629953,0,0
617.7440122697437,5519.755822596074,0.2892753004691679,18460.95764430558,0.7543076756639314,1.6306648455472263,1,1
668.0697802754207,4929.619131681224,0.6898983315123884,15807.071007763845,0.9639049341565911,5.3818330482874215,0,0
726.9018283232984,5715.561240834682,0.3193435423096002,15566.595388582715,1.230723453698457,4.927338783915316,0,0
648.2086980445024,5115.232836590383,0.6522527302432051,22674.08668172955,0.9279774465678255,5.293870596773376,0,1
728.2321827907003,3075.511663717146,0.7243105013675144,26144.90251244531,1.0992236429822257,3.955736859960015,0,0
519.0127447955128,6494.40022917071,0.40367219370357066,16813.461264856025,0.6219556149693075,11.153720740361006,0,1
691.0951252187612,4259.365125258031,0.7369602006980744,22291.93351775742,0.9315522878587539,7.720231800360626,0,0
654.3523534119086,2665.1271520103733,0.36412263777423504,9564.864906989656,0.6805263362057867,2.5109149998305544,1,1
635.0496324767066,4357.827258551131,0.7748548915430757,17076.911346714,0.6046150144936198,5.465736174853797,1,1
654.5880388267751,7251.139685951466,0.16250266716790107,19844.70533564549,0.7521257185081928,3.783987714125353,0,0
550.6215542699554,6275.33261317024,0.5809134865522699,15451.582915090832,1.1383798668827145,2.971040546585172,0,1
639.0164056081244,4477.021798388211,0.44566982831985014,15317.46812605202,1.090003165733929,2.31985585775213,0,0
667.8556285755873,4476.113443522357,0.3713541638189529,16661.10221765557,0.9486009444108799,5.8644333815185075,0,0
723.8947022370758,4517.547423173926,0.5428983151240206,21460.963641631864,0.5934598880220139,3.637239529860852,0,0
624.0864890863177,8115.1219753412615,0.5926999641440319,19063.354907968125,0.8607438697224127,6.935652048050408,2,1
609.5753198553406,5572.90317834733,0.10305428875521637,8808.84383337514,0.9603400017803472,6.987564429060878,0,0
624.9121478207732,5645.0624707866045,0.21686716212303914,9396.49923682467,0.9351072459157196,7.747828770422899,0,0
695.7701058851037,6545.4251810477635,0.5991322354440232,16965.674110714124,0.5312412833038509,3.295226467851793,0,0
666.4375554829842,5358.18373853977,0.5664697895047446,22288.43293026776,0.7219364303960256,5.950731221384021,0,1
623.511989811648,4611.436781268945,0.7762332535900741,6262.475786373827,0.8871844471702567,6.264908433284601,1,1
675.6633716556678,4705.475226372532,0.6327264531755481,17501.349119241848,1.007258181903438,4.05164364979207,0,0
654.8538774674021,4892.598110878904,0.7655408954119367,17368.760717412893,0.4607744357800107,3.45645608521425,0,1
698.4322495266445,4944.166645235237,0.5917783510743649,26941.68889104224,0.8675752049040283,8.219041331551946,1,1
614.8973453061324,6091.44431545547,0.30863654604761026,18074.890941435682,0.9286097539757905,5.4549917514641075,0,0
633.6168926701116,5077.918828710949,0.17375544557559955,21914.944923704643,1.0699223977032426,6.271935501423476,1,0
630.3945923433921,6098.960115823369,0.6472767043414549,20706.285700437315,1.0385715168474874,3.355847976344145,1,1
576.824252593394,4878.925129837126,0.5509044550331412,9347.167600963998,1.016514263761761,2.5614310669556124,0,1
664.8060138532288,5117.952785474135,0.13373020867530738,23841.036083158688,0.7400118986596131,3.861100451015779,1,1
663.0527636089945,2002.6989732018387,0.3520353261306849,21076.98252728144,0.5183995725753385,4.751957225220006,0,1
650.2556728321231,6374.4915120537225,0.7697598708390003,22541.343198372946,0.8213894485877198,2.8715599863653023,1,1
638.2706433312427,5519.732713846989,0.45028080199714093,39631.18853218164,1.100326365041712,4.980310382699234,0,0
579.2314628974793,6497.015164789478,0.40291039521379324,9579.435302507058,1.1786909055048862,1.622989623863,0,0
628.9677338617321,655.6169327094658,0.42038972361150584,28623.48324880554,1.0421098204595571,2.7599051550602556,1,1
632.8642741736616,8132.5620571710915,0.24621790680361463,18562.76240299822,0.9858681645603469,6.34182249655375,1,0
609.886136538919,4790.61555776724,0.3580950196053567,21436.644522015045,0.9759279296771931,6.207581040555788,3,1
641.9357144166995,6662.274225106275,0.3588692791910236,19772.438773493788,0.788776250647844,4.216246469226268,1,1
670.2025428407269,3440.141109311704,0.1366485141312307,17878.81833300978,0.873987941289276,2.964471381846094,0,0
744.3092950605266,5919.160857593854,0.6372973399625428,17150.835358806205,1.2338139051652663,2.945192896947978,0,0
658.728890641592,3419.8766552395155,0.39155310233271534,21647.543677865047,0.7114883988416247,4.253463508117372,0,1
662.8775195361383,4064.3465589562925,0.6755259207714963,12414.131516641604,1.2229557581419703,6.289036983290583,0,0
646.2777042116917,7871.047030800179,0.6952436007839268,23752.895837608827,0.8355943691015884,6.856491382688649,0,1
554.0614392350479,4713.97639885498,0.24839583828906067,17919.02797557373,1.1650864218190158,4.006936529036062,2,1
648.6743062275392,5326.149309769584,0.56014743751909,14349.653304798212,0.6186369981004924,2.6930151480304323,0,1
653.0115104970513,6305.1015960331315,0.4305972629140873,17749.93571002093,1.0171808402329299,5.535687275732666,0,0
773.1621056242643,5743.522831958907,0.7161097165450396,26285.746084312865,0.7526459728104756,3.352930058748301,0,1
640.3819517609438,5225.6283577153645,0.2510184754235179,17323.324564918883,0.6169465616151626,3.963494722277595,1,1
665.0773671166806,5547.441503699338,0.574469240217031,21792.2680910481,0.9437068084821891,7.650552180874075,1,1
648.2644115147378,8605.123377857413,0.5254264855769059,16345.218621422633,1.1018943577191938,6.654230857131536,1,0
591.5660981190234,4913.571804449622,0.306711034300283,23789.609249618097,0.7310117122813007,5.315948624502903,0,1
707.141140725751,5301.648570072452,0.19562063255582085,23427.53869395102,0.6001968079083198,2.4561619977745544,1,0
687.5966516343387,6575.981594011419,0.5561478323340936,29243.044166482057,0.881631047133009,5.422793134941318,0,0
689.5515973521524,6658.288899436976,0.6170182206926315,19122.180272503923,0.8825129342445638,7.1253145815750525,1,0
604.530627260263,6780.54545834057,0.32093914063434503,23343.274023789534,1.0096639255108997,4.248732668468929,1,1
720.139715546805,5958.095333043777,0.5513828228156197,20490.337697694722,1.0899189142728978,7.70222817997343,0,0
579.907446860386,3285.492630904275,0.3765916353280523,26479.358909315073,0.8881169637455012,7.5854905790364135,0,1
679.3428546900135,7450.147298451644,0.5992448182978325,16405.838061956347,1.2711006629588526,8.327465664286947,1,0
759.5227812904989,3280.481910471968,0.2394506924258372,23725.026564386404,0.9448469489070583,5.610486253062706,0,0
600.4731837434656,5453.95319785855,0.7231505018453221,19026.513519416592,0.8307146987986201,6.174783399612025,1,1
621.6851135198614,3868.586224970963,0.30118671752590587,19679.059114457512,0.5776865281794344,7.8283745766621795,0,1
654.982568254382,4903.792480110511,0.357450191429307,20458.762422241864,0.8474680959367664,5.894787874137951,0,0
624.8262172941901,5493.14361545522,0.14066436645624486,21261.20198213339,0.8327226109177728,3.9975317844195746,0,0
572.4668284466934,5482.03582317541,0.1780585486248935,19418.85478439021,1.092060959256294,4.102914326944277,0,0
653.4281487403014,5632.881131352927,0.46110333189862973,21073.565915852632,0.9924967248133708,5.4771099075474785,0,0
596.8848143136947,7420.566903587971,0.2873148737095801,27890.590287810923,0.6641261756734765,2.4188771561075626,0,1
673.679621531759,5680.30145227097,0.6848361580195361,24927.24842807609,0.9344508772822075,4.7134821692716145,1,1
604.0287882883099,4633.765047064027,0.1102853720584677,24345.772962484483,1.0343062343458107,7.1930942364605075,0,0
727.4967202508769,6446.130752432536,0.3653658340703554,17722.302369880646,1.2056062718775666,0.6174922976694379,2,0
610.8373353831881,6784.205733386961,0.33614188273836487,15553.795858858379,1.077500793482812,8.06896420358903,1,0
633.8969241897162,3158.5882772945115,0.11352934164232073,24776.502791188766,1.0521693308622955,7.244748437406319,1,0
690.6758608684835,5896.100104774787,0.18705787930035717,24380.23396264897,0.9120171989230328,4.0804707683390475,0,0
588.4567841783022,6051.759113466347,0.38954987244304473,27363.35337875491,0.9776624010846899,6.08678165574362,0,1
661.3729967302065,4553.654744960012,0.44500520911321273,16980.09687015385,1.1499009801412319,5.006295453812653,0,0
715.3571377141214,7063.560219967429,0.3830028230784084,18852.256723198265,0.6334445205040701,7.459980736877366,1,0
569.6258382719386,4774.91661945121,0.4716563748884657,11802.579187372829,0.8301121345566088,6.965366285539883,1,1
659.2316929266152,5188.3646802073135,0.5165921724339771,18037.644469695635,0.7454862502487518,2.1998585536339816,0,1
662.9941397124212,4740.392263574196,0.10694667478948494,24982.852552897235,0.9758306237452249,6.174524826928353,0,0
689.0911435888655,5023.368571372202,0.42486661161745276,17667.52310385901,1.1460444351301575,4.588744292713505,1,0
588.1524644560959,3355.587369657197,0.7744494686213118,23202.39897600412,0.7806051426557852,5.1656651410362,0,1
583.9771693457861,2839.9236761085585,0.46332259609068416,19047.484470010942,0.4219391265061124,3.543656198060369,1,1
676.0970782808449,7391.757594837458,0.5742795872212673,21620.285141107805,0.817555850995106,8.49627413824167,1,1
664.8492336616594,3729.5579775225083,0.31830470054181825,14261.543050921664,1.0826947464034813,7.0801236398051515,1,0
662.5246425172938,3512.9114758155392,0.6417939647069338,20426.047248169507,1.007525980589976,3.5204576720540652,0,0
667.3224104748488,1769.9148295944278,0.6410450373132806,5044.320145496384,0.9856372495621153,2.330778786179535,0,0
615.9987639210755,4041.5573784657468,0.4649072333578973,19065.519209190075,0.844001339625104,4.228654738044304,1,1
661.6126848580502,3015.3653098887526,0.7832096762954496,11847.6337814243,0.6441938527560427,5.869005292182612,2,1
664.6536236649341,7463.022740204553,0.1878851503338574,26029.97258273408,1.0030588643248934,5.480411687892446,0,0
614.2824290986816,6514.725634013951,0.1118633654227067,23887.036763822558,0.733143637993075,7.506265649536487,0,1
743.2887255572379,3967.7744822334143,0.6391107482299672,22333.354909830407,1.3368193466760911,6.5798394443617045,1,0
673.6916460455893,8378.653708016463,0.6650088761554178,27605.0311357969,1.014101441670903,6.939138051505814,2,1
590.4348251398676,6472.648230487392,0.18414506038440337,15255.417395875815,0.7838703394892098,5.653710801220875,1,1
682.8276804316915,4512.752924737067,0.2859079830710243,28736.815989577794,0.7777229505222744,2.2214025395780195,3,1
601.2659164886339,1250.8914276896403,0.11228665435664024,24660.957821301923,0.8814111586772824,4.6086029377061974,0,1
689.3542301871227,8436.413858886113,0.3053160275463953,18817.22356390527,0.8520996155956501,7.120179479817331,0,0
707.9297789503702,2915.641299854606,0.6411993117430701,25678.10073591472,1.123366755105991,4.896954142950708,1,0
608.9658840824145,2531.901879564662,0.4625723693988053,14468.532437941829,0.9372832339488093,6.006180737247494,1,1
698.1688064622161,6533.855648014461,0.3436669152178017,15877.429192361633,0.7536736522182944,4.362503369507734,0,0
670.6390463468249,8659.628609508909,0.3602175064344312,16957.0513838015,1.2780881370311565,2.94037630291631,0,0
691.1030079997245,7076.409227765777,0.10094753800082772,17355.111459679923,0.9098616663040445,4.753311871907779,1,0
744.8396491326973,5845.86368007854,0.3098603692956652,14717.211786198735,1.0537679351937794,5.6180948860653075,0,0
637.7305941998565,5892.131512497929,0.5525211191465514,26115.415335476624,0.7783546985110481,3.6886245610771127,0,1
612.3131917821255,6280.1233381704615,0.78193611067145,18705.72799815084,0.9726231255489047,4.528577510286663,0,1
605.5242785187238,6138.392884680148,0.6929425788887297,21762.524841784398,0.9622219982286391,3.1210735160280345,1,1
609.209485751728,5421.787135954064,0.1165164752518704,17148.243167931596,0.5220701415807694,7.238489835128192,1,1
646.1449145292947,5156.301655927814,0.7289924232723876,10896.983497257414,1.3030550220921282,4.411088484823932,0,0
667.0575987408322,4906.110308150716,0.6482388893090382,21350.28679195711,1.1581288921845094,7.905511090252366,1,0
663.834539966501,3869.0531166999854,0.6462632864996863,10438.725122901116,0.8205609367708024,8.057495701081816,1,1
691.3591624518012,4578.987384699839,0.42059703130250004,19656.829769572658,0.6795460519088289,4.837908070556512,1,1
650.6500945938953,2460.564778706922,0.378603705068152,13158.424805835948,0.9695123227607104,2.9831025349053006,1,0
722.6767038578658,4852.490559807875,0.3120410101832348,29936.379996154043,0.9173395398828793,0.8282042445333255,0,0
636.7671583381021,3517.1133392736238,0.14598640126805607,24556.813610873607,0.9711337897126459,2.055925853946417,0,0
786.008458329481,3344.6160241763437,0.2597647544455894,20528.768956357402,0.938315479238818,2.25233035020268,0,0
681.2833673882503,5269.841226730217,0.27262254448461726,26318.533388273343,1.0012481978611851,7.75693925492301,0,0
607.1421221791859,7088.003429516899,0.4388539487971411,15768.42011267132,1.1894611398783614,5.231649174453892,0,0
596.4553750969444,6377.474909003469,0.6232110846176858,22717.396893350466,1.0136206410257294,5.779209048183976,1,1
674.1236207621592,2644.2490945652344,0.43166687987856267,20999.052168593567,0.6900689002180118,0.5591579821297481,1,1
638.8268607337075,3515.557795144494,0.14049111461301245,21320.10040666835,1.1725125705424904,2.604067141565477,1,0
685.7000247046046,6411.156781982324,0.7704528606917428,26361.76750053384,1.2281229126976574,6.7741595528925735,0,0
673.6618812286772,3526.2689096925355,0.7599070233658786,23662.460513899012,1.530411346902417,5.573548224765172,0,0
646.3585543671563,4663.050275004463,0.6496326802038859,21443.618314125117,0.6753011933520804,4.705589442628805,0,1
607.6603140965798,5825.078148536828,0.7939295310949545,11725.56281885852,0.948576402630055,6.129684717200245,0,1
574.2576387657068,3547.483317704547,0.4811376329601841,15199.768523602681,0.48358025936220256,8.27159561227163,0,1
627.674252396649,5158.0632592189395,0.7739378451772443,19386.455332021378,1.010629831275842,4.557915072925899,1,1
692.8199397161736,2998.9617576226933,0.15292352843172555,20466.861871383255,0.7903599403666455,5.138739605316139,2,0
660.7046872065102,4097.94853407318,0.35597652378295996,14348.981376630381,1.2846891589649907,5.3851938374626105,0,0
587.7130610644006,5479.672901213806,0.2577668876047361,32058.383377892103,0.7450770059962837,9.784219270547986,0,1
658.6590462925591,2610.509399702496,0.23708315889398904,27581.970276267864,0.5621633924065477,0.8012874711619489,1,1
669.2658689864419,5660.7121069405985,0.19856206422487327,23010.591601962416,0.8057472518594961,6.366446029577616,0,0
605.8071281899433,4970.543301609978,0.5356895490961977,20360.184306418723,0.5049024457565725,4.770395502481873,1,1
657.6862552972764,5828.734931625721,0.6469252990231136,18938.955150494243,1.0502198909014622,6.133543452368359,1,1
652.9104359222999,5335.871201096992,0.5048088795942525,15240.407699888823,0.48698339074873587,3.6852548920105512,2,1
592.8514851084689,7046.210644960766,0.20287389671174677,20387.402592594313,0.9056915162366318,4.902069938283099,0,0
667.8893680174142,5187.836753971861,0.6677866389534297,21288.762700713753,0.48443763602876067,6.42282115893099,1,1
678.0392263184117,4355.89168831212,0.54516829501461,13791.197122591879,0.8359404390926717,11.225820402087681,0,0
704.1525621587639,5183.446254548426,0.3717159942888969,21670.882086224487,1.2286756311609068,6.616072378804143,1,0
702.6901026017451,5814.947043554582,0.5718912068752441,19223.704755876257,0.9721295782871591,3.3038688039389825,0,0
581.1165316021454,5073.290105488557,0.281933485469983,10460.962210613045,0.7273012790070132,4.152480635954594,0,1
603.1087480042438,5060.887536805823,0.3416345459459474,15698.07494610249,0.8937593022121832,4.093171783232292,0,0
675.751763360433,3947.012468289867,0.7422400901923932,17931.97233289178,0.9036033744088894,1.40871365473997,1,1
675.6892975456104,4005.6486236735777,0.3033531539699943,29438.43828670095,0.9945260691686811,4.339819616597126,1,0
675.7523843153024,2896.0920923004596,0.4289917877105557,22782.76562266879,0.6266283273438347,6.46565816364349,1,1
842.6365745327361,7624.3651147804085,0.7230987961772103,13322.592154500544,1.018513454769466,2.4515357618464098,1,0
678.5445255346583,3134.2051469130724,0.5954049451872693,22430.181447088184,0.3591216736794449,7.096965302101185,0,1
706.7782820090299,3960.642203306139,0.14354225831529194,12263.480055308173,0.774023089527238,5.9755496421686765,1,0
697.7000881746601,3922.389101646204,0.20311213099527925,25413.455269435366,0.8023452315096911,3.531533356057924,0,0
682.5695625652899,6342.386565416662,0.10548911354034178,17644.376740910608,1.0266653652142477,4.716940725324305,1,0
634.2365377679827,4557.575482561959,0.5416452531604145,19531.819056304146,0.9045261705353739,8.196643615282067,2,1
687.9484610246634,6871.613109010601,0.4133713977872928,26628.98323771095,0.6188873892287428,6.467095627011732,0,1
611.3587392731214,3989.764063634197,0.19399239563159287,13564.18215707875,0.703001374836597,5.017567309796296,1,1
638.1590696629995,5418.491243335703,0.7705538847397394,13014.409074435043,0.9397360019094814,4.524633366078032,0,1
625.7318226085448,3746.979420110364,0.4707618067619339,17082.003368269976,0.8841865316270887,5.153218140903319,0,1
654.0937069693161,8217.723691660081,0.2693253058790225,25191.894255096584,0.7841751780728508,3.976472884115393,1,1
765.7329283336754,3218.602371455731,0.4504224998082953,12403.269622615788,0.8038332420976042,0.7905009885619707,0,0
556.6367403704126,5464.731065340541,0.5757342329145755,5839.222009447156,1.0392335994318578,9.084355821069462,1,1
684.3130095187257,5950.665321398148,0.15336745258149515,17744.205707955007,0.7964614854261571,5.310649998398803,0,0
569.3642064405174,5620.698646177248,0.2922926705335244,22758.7039995546,0.8823817511941854,5.796294530245074,0,1
626.4034067105283,4722.0685116834375,0.6648758436187956,26001.308748694148,1.3339873176161086,4.884184500246183,1,1
704.4475298483683,4805.268950399861,0.4217654092818629,17684.193189573005,0.6152634726232153,3.529766398550824,1,0
653.2140009547732,5065.717207968664,0.48260399942260646,17942.866964419987,0.5296314536850683,4.628151038102459,2,1
596.1127611035347,4779.496997557267,0.40297120154662847,25769.503671278737,1.0567179329597214,1.8012104756113776,1,1
614.2348145370016,6445.818675192364,0.1307299598501036,10651.291501522897,0.7642713877411793,9.554172996106608,1,1
683.9798874467338,8315.784502387027,0.21602484587410917,18057.396124084953,0.836352494451476,2.530976003155208,0,0
613.4816684141432,4163.76232248825,0.4118791471193237,20952.11944962529,0.7437687243737772,2.936067432305641,0,1
660.8229294790988,2945.2955306313834,0.2464298257855495,22246.093606425173,0.8480399718464975,4.119481591227199,0,0
652.2785919951907,4867.576927473117,0.13498532006177513,17450.966534045587,1.2197076224192682,7.576151449704755,1,0
617.4199826197091,8869.564006481478,0.6905547648362766,20172.205058529205,1.0604256917236239,5.029017998525308,1,1
757.1972044662663,3794.4881480454037,0.7868347704148811,7558.363232935053,1.0724447023773955,2.527728407939075,0,0
681.6959511159006,7458.675208166102,0.6552000117977176,16708.75793833076,0.6167545888414709,7.508676721514679,1,1
548.7428706671196,7516.5512211146615,0.697649445193267,22267.54356277234,0.6697692526894261,6.462001253570962,1,1
659.3227157384714,4169.617637438008,0.2693839912219318,15088.529828726601,0.33218426810291457,6.076869914432905,0,0
616.9106767615806,5853.474618777913,0.7724388828592399,20294.921107947986,0.7381238357834492,6.431468482341681,0,1
692.6216667398112,7442.594934692806,0.23784799311739988,22234.36250401349,1.0913406372771317,9.788723801164902,1,0
610.373963078365,4431.30838851877,0.7660008672532826,18287.253995711177,1.0033893031496741,9.370189790072224,1,1
644.2631779266551,4694.629459846457,0.7963735057761657,20852.318854982856,0.8556973474095753,3.6265693139934094,1,1
675.2493639490228,4127.478629077034,0.5982059640222341,15186.33717357694,0.8955399432563894,8.247769985622305,0,0
693.2877597085061,3477.8649039607,0.7868006122542753,18966.943601519768,0.762222891484919,5.766336379517801,2,1
589.9851796472112,4026.0836824009893,0.4986778456969726,23051.080847946112,0.9409517764803569,5.998191632275499,0,1
633.2749382079526,3164.089599856615,0.2816792482232633,20784.86480484217,1.053175655896123,1.6154583367133428,0,0
626.2527344419522,5051.125202388839,0.4058971199659347,17067.343652180323,0.5768226425179055,4.659228469223608,3,1
617.3335383713144,3845.0401534120374,0.5154926547651503,21121.082021453964,0.9599295375674697,3.3743528193268704,0,1
738.2727120140548,5350.6788676861215,0.1511570934189105,23573.04895318309,1.0864869741909335,6.6561176297866185,1,0
670.2490855480478,2666.156530694559,0.5356402852320723,9750.29360711261,0.8169799422073261,7.14216100080561,0,0
586.9558022832477,5496.320348321686,0.7868244857336062,25795.370324779487,1.0401401224241167,0.8510272979673772,1,1
695.8930973527388,6250.293442413387,0.23307535484860936,18318.72630659464,1.4629308888945105,4.955930271991459,2,0
756.1078098506316,2009.3965361428168,0.6548165814018684,22127.44966620115,0.8791314414026217,7.243723009588504,0,0
701.6232630275573,5561.084854771359,0.7355291556457336,25986.23461822614,0.9786614100010648,4.62664207537311,1,1
574.0315017022994,6841.503488709938,0.7605911149741547,13141.631513847671,0.7523885832677217,6.458127290004729,0,1
625.7882963566874,3185.538471963192,0.7720949230838131,16452.794987862268,0.9362502325204101,5.702330935254168,1,1
713.3455574593312,7508.858580256555,0.4650217471050304,18557.256520621475,0.9920543249964608,5.683320463905253,0,0
614.616526719061,5628.528514049068,0.7841155355940527,16081.232394377857,0.9389684680540277,4.457370043863405,0,1
672.1909714073114,3942.4822163623867,0.6301171449941072,28674.68287918404,0.6960609360582286,2.566838391728581,0,1
688.7317026714668,4916.346383513441,0.21317000536587333,15716.139530866036,0.9412723542650901,2.756939705149945,0,0
603.6534764210959,5837.490368782584,0.43383007452757905,17222.266102565667,1.1924391877435274,6.418705028910635,2,1
647.02373219691,5114.008087118617,0.6028318227604028,21021.945158014885,0.9897271529029055,5.038916511037766,0,0
487.93663299654634,5808.133988669554,0.2731382210733584,13989.252369619557,1.0923974378143682,4.722975510785551,0,0
598.7806179332855,3618.9896103809506,0.5484306284842212,18021.59644121868,0.8525976059974745,4.152219915355295,0,1
637.3715924303419,5254.041236054117,0.5666203353326336,21587.266306250876,1.049980047884742,4.389622309038496,0,0
587.6108409017576,2879.4282546425297,0.21388982066599616,18335.697978087443,0.9558535676433052,7.093823588976279,1,1
731.6205651965818,4833.16090797695,0.4955597187169294,19533.06570550026,0.7098178540625536,4.329511836263946,2,1
578.4929311019683,3644.1385378028153,0.6401388376850254,17353.339437758146,0.9637042009597749,2.3178705733968625,0,1
627.9977756651508,3896.7050861153502,0.44922696517515937,12427.648454096165,0.7016606673119379,6.4873035510803465,1,1
656.5370288643046,6854.139762815656,0.1084721817432752,21607.966056696194,0.7734239450230416,4.590246672270566,1,0
722.0636644533058,6636.965180891404,0.10632692835550453,28774.665358236205,0.9378656614584748,5.062791731065553,0,0
578.206892441028,5913.707181360765,0.3499205407790086,20092.00815391719,0.9594488546760248,8.21515661279902,1,1
708.158187607748,3361.5308529911317,0.7483358479022474,21126.320586237747,0.6621535069845742,4.958878885298986,1,1
650.5116530509794,4525.3873254577975,0.2600737457225262,23463.613775584297,1.1107971542365753,5.57836734623745,1,0
600.9245674476025,6819.646549968775,0.5440545822101811,13653.347517266504,1.0144012556600945,2.6421530174033494,1,1
673.1051737131636,5212.575370459857,0.2554531094853244,28512.573290648026,0.7590543128778232,4.56066109529808,0,0
659.9529847786735,8478.994309972542,0.3251689927616841,21011.64398211401,0.5924830407101649,6.219052090417202,2,1
619.9891561420602,5589.976759091558,0.6936294627210389,28159.284495445543,0.8710190841837138,1.8892525323175153,1,1
653.490104249501,5288.0736747350475,0.6102030095889628,16334.835022380053,0.8108112572277679,5.401690186231419,0,1
630.734320156912,4536.325303696248,0.16677949411924745,29090.309612789126,0.9226280914106045,5.2015821452896125,1,1
655.6758672625624,5200.311357173424,0.4000914146905036,23875.777470173914,0.8273766677688867,5.082574911174879,0,1
683.1065337260524,4771.295245429184,0.12041883455168513,22765.200429261793,0.49850862785099803,7.074317797316486,2,1
729.3008408072676,6062.163015032886,0.43662310262210635,21170.12227176574,0.8223306123397683,5.668877029697043,1,0
588.1092250586576,6435.053475191876,0.5637038081907477,18757.356909627753,0.8388761777863374,7.9561437967128885,0,1
756.6516687328133,3821.0158092380757,0.1829518365187061,26002.658292369364,1.0267322049548118,3.0128209688119276,0,0
552.395610023875,3003.150569663333,0.30221945723641597,20701.799349240235,0.7603600650777901,5.271849134436696,1,1
642.4107452482208,2245.691940345055,0.3784856378515099,10164.651482064239,1.2357349346745132,5.168933572779895,0,0
679.4158603242288,5761.986990368816,0.7436717172592349,14414.067691464988,0.5176718898696486,2.86149101248984,0,1
664.0495933867517,3344.9500907391894,0.7952785107960748,19070.771239036265,1.162233499560525,6.912590004182692,0,0
618.8650240089703,1770.6641105712756,0.1314379092969311,21549.994915827774,0.8551362058243791,9.649346611705635,0,0
639.5938874821362,5582.867906796446,0.6327055464467745,19717.05755550052,1.0719169744687114,4.965987851032338,0,0
625.3499532670584,8739.499276149185,0.36020684648164025,26094.853948968317,0.9159602968117466,6.010042176547534,0,1
620.5317621527894,4990.89363269016,0.374720730360636,10244.490679806875,1.1279111072050938,5.1690369516306545,0,0
692.4801048510512,6257.736161677463,0.6279854813429159,20717.9396825258,0.8225276070894377,3.572830660185648,1,1
667.8507742982524,5122.744037821348,0.7428985025017861,10910.103873064227,0.6802759149644375,1.3584794443959676,1,1
615.3545202369673,4851.665520213286,0.765650016151784,23798.56147742084,1.1841008574542127,3.5884530338092695,0,1
694.9799937716625,6378.614724481653,0.5039858102268245,19527.706427789984,0.8773038708235718,2.2160832380965374,0,0
665.3649760438304,4564.588183717023,0.349984811510352,22098.04986012059,0.9443116947248421,8.408204156118236,1,0
690.643105941948,5401.088471107854,0.6512843601011455,15680.585197051169,1.1469503828089591,4.769780612153522,0,0
681.4814420961806,5482.546709294021,0.27570096828361024,26397.324658288755,0.693608951581113,4.308161341905659,0,0
608.5502494538964,3997.864319535427,0.4948518201834625,25208.623320294257,1.0190981795278515,6.778307649575612,0,1
621.9909479901515,6488.063524304785,0.35100492306741127,22917.72151505944,0.7820210487074218,2.756497794288224,1,1
687.3646802561631,4737.5603649568875,0.5596417515955133,19352.413765682795,0.8735661288711256,3.4662719239908952,1,0
680.5185132716732,3866.3822607607326,0.26827923902545486,22899.28642647566,0.9144557930768578,5.136144538497242,1,0
648.9549203017926,5804.764765355605,0.23411506201437807,16465.537160063257,0.5999556277106128,7.057537982846961,1,1
655.8663691654391,3652.2980273134444,0.742767360672806,24277.778295103562,0.744232591435913,6.003370090337576,1,1
713.8832447894213,5042.271736053693,0.17126257806467585,28247.404471619604,1.1702145784826279,5.496650285031764,0,0
620.4214305582085,4986.321505033695,0.4541705354144522,25353.05279989593,1.0772382377169591,5.156235470472033,1,1
677.3548690585019,6628.843348747367,0.25459694807410627,16351.987650962952,0.8874720845345531,5.80047171105355,0,0
639.8903673783053,5712.047349319929,0.12725097432796723,21807.086586365513,0.9486246917025787,5.40330581025851,1,0
639.115939838639,4962.459561882284,0.1252131728039985,13534.29228120676,0.8411514988727085,2.9400554504461285,1,0
704.9388425993595,6226.649448800431,0.22265524047407914,22861.95155587838,1.1713166771655965,5.092158443266302,0,0
691.2708174494015,7085.31132352597,0.7067392481542002,22253.017064312695,0.8599294844411672,2.852622682164495,0,0
690.6754818000319,5836.715459527793,0.29773512078391867,10650.91830233918,0.9463684184269696,5.1621650858016475,0,0
715.2739403577165,5015.528929765071,0.765321419402707,14191.08078043818,1.129206028828413,4.038704117023517,1,0
651.050192081638,3032.245651474761,0.5071356050924355,18584.305516281165,0.7445257030308187,10.078763245565723,1,1
684.0976485647482,3402.329505386941,0.4056299328381363,18495.70126429587,1.2117578368993789,4.920211232496576,1,0
634.4866621703272,4542.162943467999,0.5060621842686183,13952.615322905975,0.5939077180513246,2.1915208674768225,0,1
666.2083176244221,4085.731696761075,0.4616888696583875,21944.89364676092,1.2259284262225598,4.731639578646151,1,0
643.4928472816158,4719.543045521831,0.6311433776301276,21257.36804470256,0.8254648832096051,6.038717491275776,1,1
654.8497982496359,5084.974887345661,0.29774724618099657,19028.654340107405,0.8514602504349437,8.346727892305047,1,0
679.7578512718457,5794.539131535096,0.3471352741202117,16221.042499208186,0.5219979657634114,3.821095200122563,1,1
609.0889658383264,4894.251832911363,0.7258660117732756,25243.535632082818,0.8090410565244615,1.83514405195272,1,1
754.619363784273,5729.752465739303,0.7625195592052839,28277.035565441474,0.6920386937946231,6.633674022861962,1,1
599.6991309250149,5096.711622215181,0.7247907592405322,17582.192580767314,0.7784707309253055,2.2388025882006977,1,1
589.2905693606134,2036.8001504691929,0.39361359577011956,16939.165414225896,0.8725378068422242,4.12768911698503,2,1
707.9055436750034,3590.9969092718684,0.6462558521048172,22456.03832705998,1.091558322894581,4.4847590289780115,0,0
689.5831346981468,4783.868666417577,0.43343501331076917,18209.853101265067,0.9415206702801252,4.860733093399784,0,0
681.2059908526078,3185.4578857383385,0.44827789650227157,19303.01399668383,0.9615353306802228,6.378328914148671,2,0
681.417275463214,5899.893094994307,0.2432760763400988,23698.265758623358,0.6808961222308876,3.6327314354272247,1,1
649.3876613576542,7296.126248515546,0.5137912122809616,10453.219562463535,0.7238491820794539,4.452541495666479,1,1
605.1372814257085,6828.142777545975,0.23029512842734357,26591.511624263345,1.2597450036702624,4.971459294101223,0,0
653.7902279096863,4679.835693604688,0.3320952893470357,20363.402621646706,0.7529597930473507,5.2991959150375765,0,0
616.1419144243944,7236.089205274928,0.6985211411339547,17942.534277189097,1.2312416504114592,5.195654349415845,1,1
698.7559866708875,5223.001185803168,0.24495306644759868,19553.829228892755,0.8513877602238267,5.872011550445159,1,0
642.6471309248931,4494.371043322941,0.14981079962140298,19812.146775102592,0.9004575872287008,6.6876790192834745,0,0
608.7251401603744,4079.8960046885904,0.1483053148289714,11343.993482775373,1.114073032045986,5.785268231301936,0,0
633.9307079173503,4546.295470267807,0.7585491643521756,27474.691137266178,1.1543784843877314,5.907171047018437,1,1
670.6465727137812,4417.734772188157,0.45484430657328423,20206.628161353092,0.8778374879441825,1.8355536665070447,0,0
621.8137723598013,5255.624333563232,0.3865884502719129,22215.010652236877,0.8223513892956922,5.100455398331361,1,1
608.8889802216785,5240.860971574797,0.667615006705543,24757.748852870216,0.8888159102955574,5.959015096003217,0,1
662.1843605745956,5004.569030230122,0.6850781495373612,14894.187712198498,0.9675915056464237,6.4578823891409005,1,0
662.2483285554362,5655.407254619525,0.3325337231809232,22367.35949517614,1.078260737373951,3.6152984515324116,2,0
624.6528412314435,6785.969412179512,0.5855326402316567,18661.794545506033,0.9008459717988303,3.68192145022271,1,1
626.4480847190839,6424.331203161985,0.6397859710963206,24233.853876082467,1.0237772596046308,3.851798649432803,0,1
661.6024968678818,2772.6530473251446,0.5582554808061682,9363.862898242523,1.2276719464541883,6.0728277997826865,1,0
577.5957829251338,1169.1182976470677,0.2061165523600696,19504.528498793654,0.976261922452957,7.067762109848417,0,0
579.6268112811722,6401.47986685891,0.7131181584619399,16985.896721080193,0.9623305712009557,4.1850797854167965,0,1
614.0777889373782,2949.681952376868,0.47736618691520616,22161.314753170776,0.5962178349819864,6.815924627254098,3,1
639.3276424144076,4662.851897160975,0.2977306984590026,22350.22093684101,0.3738539726341873,5.246959618329188,1,1
665.5453782799002,3244.830460910961,0.39765972980638575,16461.87052588987,0.9776751458460337,4.751428445675128,1,0
723.7678108474776,2297.0293436299703,0.12629976327923517,16439.130679119782,0.8810351537438256,4.577231540364062,0,0
692.8829811601009,5812.194092307182,0.1895067608556923,19446.673157213354,0.7970434650170516,6.493222729204314,0,0
642.0030735018287,6138.73274045397,0.6358827253611026,15516.788863423959,0.948706040837269,5.65115563357414,0,0
649.0491896048655,4135.234398909921,0.10000814432875631,24209.918477260635,0.8879192541606183,9.551650855295275,1,0
599.8735317681096,1113.4365617826352,0.3915960799376046,18153.96399776277,1.1255560501267796,3.2955507140053517,1,1
649.0743432003806,4180.633327621275,0.465757126759912,5465.058903391793,0.9172221736517956,6.036203404059951,1,0
635.5670680539931,5587.70600810382,0.1382440940006806,18125.889716890968,0.7506153429859665,3.941597980376974,1,1
666.1359280169045,2781.632646838807,0.7811547140806331,14807.280895780139,1.0980332477918577,3.261426026022712,0,0
608.6384528223839,5275.039879668733,0.2582877318747704,11843.620922695272,0.8565737850107595,4.978265725930056,0,0
675.9673257120586,4977.035226240507,0.31293910374539663,13812.866808887138,1.0053073367344614,5.274704958814072,0,0
726.6369456501288,5868.9372494016325,0.3127597585785191,20547.04235916485,0.8045178587614399,10.836347110120185,0,0
644.5619925771571,5179.37055262123,0.26129166348214494,26643.204141241156,0.7700346229005127,4.631708368633596,0,1
670.0855861049471,3540.396588677667,0.101031675460418,21565.9223693249,0.9168336460371392,2.739642541030633,2,0
684.5071995855557,6794.857252496737,0.6105413558615975,16967.4830589213,0.9025657287087371,5.546021434988772,0,0
629.9389764057082,4762.205640459545,0.7767918498594998,22279.520975853513,0.9959654070733667,0.8507199249072634,2,1
661.2046240905208,4959.043190735102,0.2570054382995316,17704.548448905043,0.8462708493380515,4.816086434791468,0,0
650.6296200390898,3600.0980613902057,0.5641330342623957,16526.99815418428,0.5327280432459205,5.032050564590321,2,1
654.8838049274416,4335.076623212734,0.6193274288711006,14228.186658835079,0.8134452232823223,6.589200765890423,1,1
611.3495108072267,3672.7959289596483,0.6938977653633673,11240.855966241405,1.0587636934287632,6.947244498855694,2,1
651.2255087129471,4740.580910114865,0.3958404379095264,18050.381467202773,0.8405247841513788,3.992860762184565,0,0
674.8999145622724,7567.562720213515,0.3120516339483005,20790.26744960066,0.8507233194970905,4.698771970740134,1,0
722.5571803897521,2942.1482856029656,0.32770659381612177,19516.88164992555,1.0972753011811873,3.4677583387786584,2,0
697.9635413042604,2579.6579031848883,0.5988349331689591,17920.165360263207,0.7576053545482154,2.743874890384612,0,0
757.6591228755779,7206.755491240413,0.6717456265539452,15271.269696516094,0.5914393563514201,5.619789558761269,0,0
611.6326218555976,4686.014484272201,0.22712977742962187,23041.230958424843,0.8678737760949011,2.4528289028068015,0,1
693.6160318360339,3996.3908920101253,0.3596587057104357,13414.340400267076,0.8031652097502526,4.170746198856274,2,0
659.1671002869176,6559.857031094115,0.731358137724405,23880.139569217376,0.7067507360493492,3.0096520802015254,1,1
759.4901466608836,4091.5766903947037,0.6646854637863175,14988.914905366375,0.8649243088202618,6.099366372580519,1,0
609.5850857322424,7739.014570320404,0.7894008819337331,16237.823813234825,0.9983011294493568,8.602860198532976,0,1
608.0139078909611,6016.888807008903,0.6279737817774566,12666.074046921614,0.8981422876864369,2.3968240343933376,0,1
620.0303677277989,4268.132887781446,0.37523664071954566,17492.989265571818,0.9613962145372476,1.2939630342048618,1,1
543.8052137845096,8235.962319898255,0.5134464837962465,24876.562292389895,1.2626815397030846,4.750226229299865,0,1
623.7122489159619,4091.4276154949926,0.5627099779731243,22578.14044221978,0.8314242276884872,5.031395591915516,1,1
612.043366922315,6113.14305801396,0.15491907142198677,24892.110560140176,0.9556697269289339,5.437318613514595,2,1
657.5196893238103,5448.938870609738,0.48114787137270565,22610.712729669678,0.7981573274801731,4.10735896953131,0,1
667.087798788858,6952.611934098197,0.5965245799308267,14481.650857348155,0.7307280560226055,4.5987214023491365,1,1
743.8085419607943,7342.26679509028,0.21712491280074228,18346.053878362214,0.783018469316446,5.735020821081204,0,0
697.5211919093025,5048.00622359865,0.6464422021978901,16099.004354412686,0.8042482856956623,7.080861785289677,1,0
621.1548172168798,3869.873194480725,0.5086409463598782,26652.8745201952,0.9718951595094252,1.0899024593634343,0,1
605.0792664325821,5689.958214408674,0.7665552499883163,14016.056767868442,1.3698151573401516,4.262121121937076,1,1
674.5959585753253,3983.4269453718407,0.1296956087448242,24468.488446945554,0.7567913127448319,5.427617587882127,0,0
583.9883396489679,8020.080871289934,0.2857282962888269,24464.769350543847,0.8166749388769075,3.164047790778528,0,1
741.5729382927177,5204.8029966241065,0.5210877155098769,29148.101008580437,0.8873753973777504,8.462339263534599,1,0
708.9720060360644,4452.017673031837,0.3075919385441515,17951.567036852513,0.9791597697419494,3.7291802395425258,0,0
626.5412173947648,5277.020458797362,0.6000969148498696,23561.610797900812,0.9527101623909571,4.917414625985434,1,1
564.3432735454561,2979.3105657054552,0.6313036977653518,31408.259182694215,1.1568191587896235,6.112044193684581,0,1
717.6936187082706,3542.5789422340226,0.17176117484653214,16911.791615331516,0.4147215858929584,3.817430422396211,1,0
644.2730077373691,6800.620861916638,0.4596981249447375,12324.798762338201,0.42261402596086545,1.3068539043911658,0,1
711.890815598673,4014.658581542906,0.45622338891373915,10599.949830461183,0.8008243655979701,4.142690946166933,1,0
570.2786170602817,3429.6335259770904,0.35849653915087876,23563.560144306655,1.1194600375087418,7.058881111854081,0,1
620.0312488523114,5804.979128790929,0.7530474037987706,10584.248959707082,0.5868703936788807,4.326209746429723,0,1
650.2621849859091,6778.556231994496,0.6792544239112549,18138.404735310385,0.2984735320612485,3.307131397082043,0,1
652.3490296882371,6078.4299659976,0.5880465673367458,22186.565935194805,1.0142358812438417,6.851344419005443,1,1
627.4967264260379,6494.071528708724,0.6000286450144983,20925.87768414957,0.9487314447405429,4.338450207953895,0,1
681.142496617375,3864.8073671458087,0.4232013006691834,22127.22432092086,0.681958318640114,3.9796783726995653,1,1
596.6189785308703,2867.2839998872346,0.7446961647676031,21111.44927900427,0.702892079855814,5.298912179326619,1,1
642.8810257489354,7252.00047793323,0.5862167990772998,26394.329066566967,0.7060512560730652,6.5415004192375745,0,1
656.014781585595,4515.980241736796,0.6102867431590715,15238.418096306015,0.9221070634947881,9.763427063465091,1,1
675.7219417029374,4623.750475317429,0.7031836326511417,16615.024307707343,0.7747369447633986,6.654472215314846,0,1
685.5807439044445,6992.291212773587,0.29185011253953375,16136.70277364588,0.998812783795104,7.319679932776689,0,0
593.7678954081066,5834.34501410099,0.6649496327066922,24150.95905931305,0.32907466741912184,3.988067602024289,1,1
573.2942914632189,5683.831658122412,0.23666842206954444,24501.992941975317,0.7286296269744401,2.9482637880610474,1,1
713.8838410949254,8247.503517351626,0.3417393665714215,22256.12659659254,0.67478920781779,5.124662699238246,1,0
666.6157005989796,4034.7226544297855,0.3349273179888899,25917.468334449637,0.8487318643255016,5.214339830519193,0,0
612.5756731721723,6391.760192121856,0.7849678278723984,14109.795663118097,0.7923904483019724,2.8429745172708056,0,1
727.5575987761262,5085.519687345627,0.6995760566235488,28336.120557755683,1.0595687559791533,4.6494109401919745,0,0
655.783731714643,5402.888418294885,0.5908189031131819,27616.193108561292,0.5281326456679885,5.798635203438262,1,1
708.9648592031913,7292.702639618798,0.6089397331307731,23678.109986228734,0.9090982952661504,5.72078679003616,0,0
653.3759240705054,5761.753634434435,0.4934509560817998,28908.9945438553,1.0116672846423411,6.008575706768545,1,1
753.0373962440993,5807.444118574449,0.7629634669759634,11716.88396161113,1.271329487312391,5.5819294602748855,0,0
737.7670421221602,6608.761005964703,0.4473811270176531,17377.75931868674,0.803646805781305,3.9859826814598884,0,0
637.5517925760463,4452.570905685672,0.36636239690892625,16323.48269659024,0.9648917208705035,3.972198746702314,0,0
698.5785475477178,3741.1854989914905,0.21412473585211372,23607.396618786715,0.539227441487527,2.602097204012248,0,0
682.2687974792574,3432.7862089684495,0.6503439565827406,14749.296301989272,0.42160875913739526,8.56955007837019,0,1
718.4315778766174,2050.4651159359973,0.614110752452914,23787.47574668743,1.06895487515634,5.026900729238586,1,0
601.7538269709947,8084.310694910483,0.3690485269668945,26852.680719983568,0.898887941270386,4.550293888410296,2,1
684.302572999922,3345.187451417475,0.11763538977146056,23476.014500419995,1.1357025379596846,3.1424158370950828,1,0
702.9212243424794,4668.119564621342,0.6872981294026076,21418.755118307505,0.6253194222060502,10.871315804655556,0,1
562.0630256788443,4584.780050166619,0.10799258841785155,15060.633295496255,1.0039804279057505,2.853343935554209,0,0
590.8370743667112,5461.110046713651,0.5925898457403357,15765.745169373178,1.2737635681087707,4.142304148787853,1,1
548.038391111995,6223.605818808945,0.77917997680824,26248.094526483335,0.9839411216714532,5.831673672572121,0,1
636.5296582777721,6290.710232539618,0.40636292970374244,23896.74501952666,0.9553163011182098,6.200425931488556,2,1
685.8771127897982,4125.3838421465925,0.264481383497167,19804.90240311228,0.9017112161648699,6.915864110431368,0,0
725.1178526048014,4749.317429320383,0.5934097070303672,17910.452271170547,0.5858237085748176,8.615217015538526,0,0
653.7047390209888,5423.86992573245,0.6719896994109096,9870.960634443116,1.1711145871420696,6.012315310921425,2,0
731.4307772785646,4626.963310724679,0.48250122125449313,14645.737906577806,0.7778284720389869,2.887938400066665,0,0
580.9949270892554,7411.018364029989,0.7769246926793024,29557.09543569862,1.0008966512766033,4.486109749756437,1,1
564.8308780322423,5736.462427457377,0.1361681051605728,13597.722144987667,0.5873931386857493,5.61566474502777,1,1
647.2226150551691,6102.316679074726,0.45335691881316975,20947.399106105404,0.6641080670984439,9.136452083011648,0,1
669.2032724469653,5994.321903001119,0.602917763125785,25037.219865975992,1.187017479844447,2.204389043151406,0,0
648.3652625952953,6760.210786227987,0.7038483298044254,13725.386659988537,0.8305395422084314,7.405153010450455,1,1
546.6278949980061,5271.53233805556,0.22547892833545305,20923.552373905415,1.1906550952085089,5.359828739092833,1,1
645.5439980243606,3054.75207806623,0.660002437234577,24689.577687553276,0.8843538681882964,6.675661070458961,0,1
584.7765249747573,5599.531927628963,0.4868949530029817,20062.49660953625,0.5316204454084286,4.796010566728136,2,1
683.4836274415019,4022.9646593122566,0.3775875773929743,34342.01527833384,1.078413519946344,3.3151347397473474,0,0
668.3299123048424,4207.074977375365,0.19220052000536553,11657.003705609024,0.7820215364488785,6.501745558802664,0,0
603.0060106836322,5879.54602813264,0.7057070312362387,25293.642649419395,1.0397377627034088,6.308862054211242,0,1
624.3066541331654,6857.424607150453,0.21009124572580076,19135.99131301768,0.9050421735080164,6.944113931479444,0,0
597.0393239055525,5031.907365104093,0.31685150144636953,23859.600774183375,0.5913763544114259,4.9733907292427295,0,1
646.8660451363414,5463.249518898446,0.3030318723737058,22206.53575849623,0.9328589530741138,3.8003559533603015,2,1
697.7571160250619,7553.322416952857,0.709989823933598,16334.219014450016,1.33924462843056,1.882426009952317,0,0
600.7136976832228,5361.129769232853,0.5708920959462287,21144.9819622967,0.9985972917028919,6.638746536278813,0,1
675.2023257758922,8902.524671270592,0.6576769780339606,10710.492743008565,0.8884964493989074,5.847778964887972,0,0
623.487119081378,5848.264468447316,0.27532752915474934,23016.23750285697,1.1150686803913796,3.0684347342720812,1,0
610.3563583868828,2358.855861266273,0.5374118697248993,21490.79232995263,0.9421336930406222,3.9228526534067516,1,1
644.6484820022721,6130.012431656799,0.5002221882006241,23193.30084321551,0.9419068460525589,4.0664823760971185,0,1
598.2378838790313,5571.7375773241665,0.6829812637517898,25290.59162543575,0.6816749655681795,2.0340311360351637,0,1
622.3175347326409,6934.629131124118,0.7342609423368824,21838.099201048553,0.9467696051579197,3.3646352067897327,0,1
590.1061053705575,6009.772026904938,0.10850974003417077,20740.447098991383,1.107088683283389,2.7323392863872917,0,0
748.2362566458195,4792.31602402434,0.5718139433411549,15594.658316693538,0.732787569579995,4.175041976224127,0,0
651.7631775985865,3163.5526455659515,0.13628505938381033,16438.896181754746,1.1848991642493896,3.5226050033408747,0,0
615.0137246003708,4686.465114070962,0.4842010655541492,25933.673100886655,0.8816587951709748,1.7459901582665025,0,1
660.6989955367111,3724.2193186860495,0.30134291033057475,27181.67702852989,0.7224460976922918,9.045180461138962,1,1
644.3835975154585,4129.214825292916,0.3147436196654989,18809.44781843973,1.099526415384049,7.505081462058461,0,0
638.9515200233388,5882.867606630914,0.34707095241664965,20230.01373626637,0.8426411528523462,3.441961156960029,2,1
680.7083350021712,7504.85675652711,0.5349047143347271,15476.928125031169,1.0519029774972215,5.54484279330722,2,0
687.8753855023652,5592.0072947344715,0.3338349759681385,25863.784226337222,0.8416482735482926,5.83493017964259,1,0
623.4749426194736,3206.1754069472236,0.6128893354131963,23327.084118458893,0.8880347712940193,7.382171709546954,0,1
621.209087967766,5666.904002330211,0.3831691699017088,29706.087182318748,0.9987120408668584,3.3627899466798428,0,1
636.2474151424178,6794.947229968477,0.14784724021697104,15608.384614101305,0.9581794115180012,7.184213567964852,0,0
534.9039417632207,4085.325643520927,0.6486318897388751,18109.960504908915,0.5008936439096523,3.90418939158613,1,1
574.2404468900723,4798.974249990623,0.3000308272148942,21157.22961262786,0.6757512519811216,2.3282751916627733,0,1
718.3437133722263,5022.032292093796,0.4029368157194839,23232.447688628854,1.0858819969581632,6.448273118628995,1,0
732.2483856750641,3822.6525303766402,0.5798107182553311,18921.66181226184,0.8735726822196905,7.581516848244856,2,0
637.548198022181,5972.420650765788,0.33271931000409843,15635.194547731498,0.7952537394457156,10.175817947061368,0,0
678.8278481527883,4818.577777088328,0.13960995930270095,24407.037644617856,0.6282851969485052,2.600549469819573,1,1
665.5625077271768,5629.298665860541,0.3617447329089696,23605.676812727907,0.6840527357448303,6.397839370161577,0,1
803.9440404227619,3668.76173329685,0.7611140078860125,15418.629497181375,0.4956402720076105,4.180397512412934,0,0
705.9787455717288,4343.812549514884,0.5492140781089908,26777.21400552748,0.8797438562596934,6.566717421048063,0,0
643.6041204259617,6083.572036741657,0.5700354040670449,25850.99354598302,0.7803124838837906,2.059020897537499,0,1
602.2229779699787,4440.750271862349,0.542597507546348,20671.482486238965,0.7066824218029369,2.474460448602872,1,1
569.6776839871213,7590.445776850108,0.23929449727160576,20397.98931188018,0.8863753149664094,3.4482503536670324,0,1
660.1731817933612,4400.545721578096,0.3928337048715961,22770.288855579536,0.9727941261705476,5.157928091336169,0,0
612.1824627357848,5337.027088627829,0.6256578588543228,15691.48464871871,1.3186395864419889,3.717837466923289,1,1
578.8873145201163,6398.886247809634,0.1709610282872114,20150.15739582041,0.5976233160873573,6.3181086878268395,1,1
617.6713557878737,2872.4514006004524,0.2944969432627986,9238.082276954097,1.1318762086601044,7.053789236515829,0,0
595.9225998192802,2358.786782028836,0.2934233759260976,24382.27822751468,1.0946203122030145,6.199155082490711,1,1
734.3570817536282,2711.515528144858,0.4024132493161542,12192.533887790703,0.7441814521246599,8.237575279321735,1,0
694.0819878474725,6893.876155140773,0.7862581186595295,27517.099142144994,0.9406471909172063,5.831653258910686,0,1
649.6013679341692,4172.21278116133,0.14725178267867536,18349.39953016775,0.808473350132477,2.566206579319666,0,0
723.9972069445013,8837.298928502378,0.4630906960664165,18941.665090344115,0.9371377160837479,7.726753027076679,0,0
653.8684153823809,4153.628602013917,0.22555527740854733,16861.33046957747,1.2018262026809101,3.789687528788005,1,0
606.9357899335869,5276.826954795555,0.7794735817868209,18559.80563038962,1.0211212465262627,6.82083699937114,1,1
726.1562038634829,7313.164928851813,0.17931245330922496,27092.656725740184,1.0017216746466884,8.147468433110213,1,0
676.945502184233,8009.139332238685,0.3825207016531139,7560.956717324603,0.8139381360090715,5.913376021460798,0,0
598.1376922836772,8092.255364954597,0.6165194893842244,26384.82693044094,0.603188667015133,2.0076823736707006,0,1
640.4830660958196,6812.549345889714,0.5931880996192117,21690.11740550854,0.8583063578919184,3.163575666980417,0,1
606.2190873307621,6536.093788717193,0.3959100458257526,13964.891760713923,1.141321630972783,7.645488933770271,0,0
580.8600134517832,5888.7904238017745,0.34256691756690283,14623.43803475381,0.5945664286820704,4.661754628714367,1,1
696.308877376582,6167.541614249956,0.37832866498700946,28381.965136041013,0.6889821263646609,5.159147069884332,1,1
745.4708320235065,4173.2214255071995,0.28499338421104753,15272.465600286345,0.9252535472468136,6.517648832327218,0,0
580.0716213090429,3772.701674866539,0.24373305709475987,14233.247447020203,0.7030690430305475,6.392645724160647,0,1
678.1484618345286,4994.938313883572,0.438127788291223,25686.572711823646,0.7414953105769575,5.557599624770921,0,1
617.4678715439087,4744.723066212608,0.28797362924732517,21692.76438142957,0.8152802836543646,4.5826632575590684,0,1
625.6437308117652,4320.1579260090875,0.3012231654280751,15310.372117318006,0.6268765191619701,4.374663108535286,0,1
620.3803037880565,6044.581171185073,0.55972924443219,21083.124877023096,0.7051756307567263,6.715797650582686,0,1
606.8004615160092,6432.957812855766,0.7779761321899246,14871.236581798614,1.0406855833574618,6.1071390621355865,0,1
652.4260813972413,5132.610329437771,0.5225460403915626,25504.106992113026,0.6385260435538072,4.485399998764421,0,1
608.4524941794481,7216.2951215828925,0.15388562694547642,25306.85482436567,0.5804255731010325,7.164224625986281,0,1
663.5228412889919,3287.4663287997428,0.1529085296978469,22660.030994109715,0.7739950040932211,4.741931769740432,0,0
647.4880945275431,4709.510811080423,0.7659962545918962,21808.305306235085,1.0463911005019693,3.2966756513312134,1,1
638.0525976566795,3924.7665190957923,0.3081035532151336,28805.94062433687,0.860615638400622,3.4820586021933106,0,1
604.6218168979201,2200.19507439041,0.16444689025773282,19998.431636941128,0.8070837843768763,3.042518327380468,2,1
621.1614334715833,4875.978971235952,0.5193312110052671,14090.629372895994,0.9088717595031214,4.455179966792626,0,0
687.7695612912878,4817.378737425075,0.5365541448031863,22247.369564161534,0.5508585134280696,7.467448556672386,0,1
675.0458593812191,7270.174614863196,0.5539533740830818,30430.235247685567,0.9989411307550065,3.389809637938982,0,0
601.1222377600725,5946.217526832166,0.2871814195002789,14926.20253407074,0.9766870062807289,5.376951522036205,0,0
654.9666152714613,3463.7197635061925,0.11057747895013254,18192.68616653007,0.8181383051808557,3.6866213087451736,1,0
687.5693561685895,7781.1388495012825,0.7755107586181303,22082.230190507264,1.1011849023592832,4.4793819174571246,0,0
566.5297359439314,6831.550543288029,0.27562513198377175,19730.475754971303,0.6745007802093923,1.9799175760294956,2,1
677.1680096189967,5873.146555202924,0.5732184016367833,15088.482098113427,1.125581798650714,4.558923541686926,1,0
616.8688120527077,4660.273851725252,0.5946409089150968,25609.289281152356,0.9308987331190502,4.612589240390076,1,1
678.529933429658,3560.8411449147807,0.52700519195564,31600.203610086297,0.8326894820243653,6.08057588807139,1,1
611.8370421728741,4441.68983589342,0.3190351759495538,20980.657295119538,0.8960252729263377,5.446561826510741,1,1
559.755894966774,6633.122929556279,0.28976737763484606,15479.658551319999,0.8785470468378117,2.6032157500959094,0,1
568.6228781058419,7826.8794589019135,0.5183677978918922,12255.197374732625,1.1440565792835433,7.168396488087085,1,1
652.4042473330691,7314.8652924082835,0.7062669435281841,21289.879906105904,0.6846641745057973,5.42060608044399,0,1
662.9861250860741,4266.725867320589,0.762713610246377,25519.386716581288,0.7474961521706803,5.396787034354974,0,1
604.7841687447795,3320.573850066483,0.17413406308263035,22375.838732476906,1.107260578414496,4.981635293229722,0,0
681.9296229388686,5211.329370366806,0.2083800288184039,19987.980795405732,0.7808930129632281,3.9644851055555606,1,0
566.923996886552,2347.3409516557226,0.7613153811481558,17053.64174105347,1.0801066154663184,5.435604679497452,1,1
646.6960100676341,5484.751571277172,0.6155746598343548,14539.181836409552,1.239887196601742,5.9511768718571645,0,0
589.4491900118771,4778.596120551997,0.7180956773808412,24173.756631624412,0.8196409946116733,1.5062086173088902,1,1
617.408194609892,4300.9452471976365,0.24184284389474023,24568.858106927928,1.036272465315061,3.9224783253078086,0,0
652.3699335658207,2607.9453990998068,0.5113101097765813,12271.351066546335,0.6692615437320283,4.490106059192821,0,0
606.9793317358024,5770.400159854575,0.5907977160922316,27949.194890903418,1.050946659613562,5.512341211388557,0,1
630.7722227885088,4200.948740507133,0.5760783198128809,22870.356104470007,0.9398847971973534,7.386622011854252,0,1
700.314640460722,3245.124746434568,0.38570618360668874,26997.973225728965,0.9946076564320431,3.4565183708064353,0,0
621.1554065238425,691.6066800775261,0.11077642418391594,13289.361257574425,0.770885585592921,4.004076306364316,0,0
691.7846056032571,4958.727642424045,0.5080482397629842,13170.879222922806,0.5677833168865655,3.9749317787068996,1,0
593.5146572671191,7658.377395004616,0.27717107742572616,19255.153451163515,1.000650412949901,3.396944819790917,0,0
676.4902088957641,7491.888821821805,0.4151779723000233,22513.92213447597,0.4873193695041091,4.305627009775475,0,1
722.078431032895,4314.355615120592,0.7703067105586722,28981.80411463482,0.8365299015514931,6.541604439975942,1,1
526.4177749936355,4096.681909457329,0.3793247223497044,23530.39456907566,1.088236373283994,2.8923290092713088,1,1
610.1552372264762,5703.161384112535,0.6878611246650987,18786.593615939833,0.9383795471746073,5.855628790305806,0,1
678.853606359027,3502.421841217563,0.2319784240244758,14868.15396167054,1.2896685289579626,1.596195539963329,0,0
639.8477306978504,5452.687849729199,0.5707223486175202,26150.00286359575,1.1050218305163546,3.877324007115588,1,1
668.5572936685654,6149.120417577035,0.7839048681072605,15176.472871246426,0.7692203223348847,4.341021399564028,1,1
619.800740664209,6840.399835826462,0.17132517061105576,28142.34277386161,0.9054626759702877,8.34971934582813,0,1
654.329489373645,4849.768885280071,0.10582395955903441,18578.076751967452,0.8905258594911128,4.450395390494624,0,0
642.216138230396,4694.489374734551,0.4035079548428301,27952.91036308925,0.5835646473307745,0.5975130530981634,1,1
708.3891030829903,3683.0261198651588,0.16483783813595704,23394.656450296392,0.7119202167031293,1.0022221862775003,0,0
662.7210421650607,3759.67946894021,0.623869044773362,19315.02255278771,0.787847818604028,5.068059172693362,3,1
666.8801331037602,4660.2816621477095,0.7401840646939913,17403.018140869368,0.4927558994288127,6.227541711579818,0,1
629.4061516938766,5551.048260224267,0.40381468089613126,18295.460613269603,0.9094986936503286,5.750911715254506,1,1
625.6196887963753,6370.376939349874,0.2810981495088087,22141.583461876187,0.8501856310693918,5.33514021160198,0,1
628.372090609019,3795.231573979483,0.4040823233046269,20385.782481088583,0.5654212197376851,7.324519195011334,0,1
669.7226071189149,7239.032853439283,0.6064134724950008,17030.942959656473,0.9808425730554664,3.9208175585257368,1,0
628.9507759589868,4593.314598436147,0.10633791310625969,19171.84294841184,1.0431745489381918,6.789821112053651,0,0
664.4887428448206,4967.949058477346,0.5126177926392881,20392.88514859575,0.9454068957729778,1.7359702299471653,1,0
753.770039932272,3879.182481278265,0.5293041794211654,9356.32952792594,0.835186364958206,3.1901043341238675,0,0
693.5562351715846,1363.6396095905875,0.5463817728271549,22290.840573943493,1.018288430350371,1.3859172101363675,0,0
633.6988233916079,6326.068094541574,0.2694154559866141,15101.393876415965,1.0360440720953383,4.450309398660416,0,0
710.0606961081972,6105.26584563865,0.5998369063646888,14233.337983971276,0.9614807139439377,4.907477565467315,1,0
629.5962313489224,4578.00866432268,0.1639740404322435,11563.278264446448,0.7350775499130479,5.2282029844530395,0,0
548.0937732411073,5100.486075837308,0.23948923552676057,11030.537510660548,0.9553201531022362,5.123766705774271,0,0
599.5956844541298,5773.9088265561495,0.7142290326581374,13222.762484438554,1.139096130165096,3.1448933383765443,0,1
556.4604039487072,2656.181214670186,0.6171062055085965,16454.895211847546,0.780674188277654,4.619518311173569,1,1
632.4243257979346,4206.420983980558,0.10962188780794169,29766.29568763284,1.3195878678264863,2.005106662788503,1,0
650.9209189594776,6191.397019432741,0.2738633822588602,17370.60162052398,0.7948738132029232,7.726457950264501,0,0
733.8218656137641,3118.565865246126,0.25008453809521525,20888.750531340156,0.9064814026680272,4.392747854203998,0,0
666.3463686882081,5440.336898249944,0.2895644296258808,22002.406932531645,0.7655028807987327,4.022227761912617,2,1
639.0449735595568,2965.1272930648925,0.2732918391959205,20655.325931079242,0.9446541671840522,8.177880656888165,0,0
691.4702790591745,5699.644973650289,0.14376840701999202,19612.78269637003,0.551555661472945,2.5155069329015416,1,0
539.4432345496058,4946.537776553775,0.4212583616177743,14023.531182003777,0.7907916402366557,2.748825771936062,1,1
661.7807279054283,2577.302276141736,0.6129134323503156,27254.637741396058,0.6815757599302865,2.8075593502628697,1,1
688.5432596943483,6747.109031685757,0.5247122073022056,29035.983218189423,0.9270676695784582,4.864257236601036,0,0
576.070687711008,3898.112634802926,0.5710101680186559,11586.70652938657,1.0988894751017815,5.863263259275195,1,1
707.1877021603465,3784.6213444784285,0.15680442497536742,14879.857045568102,1.0292012374229103,6.479350936235667,1,0
666.9248203747208,5300.853795846414,0.7660434971237511,18600.94828811497,0.42566812782822155,10.143990634989937,1,1
629.2356043049599,6722.956024143073,0.6869442836901174,15177.311025449042,1.308413930585576,0.5011350915984725,0,0
681.6390933053142,3476.2672715324043,0.6635632229469639,22529.827767279327,0.9590559881241737,6.217471178248834,0,0
763.5346428902199,5092.519774771958,0.6760886635292372,16358.638987966935,0.7447001719013999,3.8857388548555374,0,0
659.0933127529247,5643.22475049586,0.752897355692933,30825.280339033012,0.9314255837981882,3.827169702222453,0,1
662.4110293150168,6039.658410894716,0.4809777762795884,25952.74297171798,0.9352379645005385,3.760455743492245,1,1
627.0319550229877,5264.662332915837,0.24019741250733814,21062.870153161075,0.7666302566096873,3.1824606583840533,0,1
607.5077815267604,4449.458241375017,0.5317485254967789,25134.93131659866,0.9395833334684152,8.369049669206904,0,1
691.5167908272123,3758.6146690269206,0.6200170455675573,25529.502121786543,0.7785055424759386,6.684594654027805,0,1
607.1958087045566,5129.215824569562,0.6165421753478179,17180.262559708783,0.8191276014619955,5.04639195711475,1,1
653.5783118609696,3391.7914820215897,0.46501431691681616,15918.913777290176,0.7627441728489831,7.702031504974,2,1
626.1171276617441,617.9742747580885,0.14792110353350466,20390.715314848236,0.6134657420520695,1.9749420694022488,0,1
673.9489912873196,5654.839706236502,0.35977905690108947,24308.18062248972,0.9291672940430769,2.3385897373381477,0,0
666.6831052643474,6355.902261629293,0.7445366259243502,20695.301993267087,1.0170598873032677,0.6440645356106245,0,0
701.8769972128949,1455.6013466872423,0.5091142368301983,12115.017589045014,1.0029767192152745,3.601170919753425,1,0
624.4991800572626,3485.4039429350937,0.47683236027899945,15985.877780245788,1.063985050527047,5.323397053409506,1,0
636.5062532353314,5928.731391507797,0.2881974600675355,19630.13568202811,0.9648680420029736,5.205717155864668,2,1
601.0618142108847,8086.243204567549,0.3579142439416053,19621.67197837085,0.7934549003566194,5.298683822119761,0,1
627.7853369961945,5031.190561513112,0.7267422624072185,29862.71088394904,1.0679327728862378,2.1778863378678364,2,1
668.8650246522426,3907.9955881562983,0.566524133268785,13070.06028800501,0.628496492031613,6.606309485228044,0,0
687.8494308322676,4725.65533834274,0.651170918726633,22527.946209179372,0.719865723497504,5.479255036477996,1,1
603.8917337911188,7062.314628722277,0.4180417961473586,27445.56554164145,0.7071599857153511,6.466108562931997,0,1
693.480296005283,4031.053731313197,0.5411730536193106,31357.24872711398,1.116011211827862,1.2144756448198963,1,0
717.7818929402475,3801.21199002462,0.27386852612024526,17978.01288408019,1.0885577028280151,5.62298171759558,1,0
670.6717451611851,4275.884716726951,0.5938225811984404,22457.147263601,0.997461047408999,2.624469520164946,1,1
743.8397906279033,3570.0070876119316,0.3993209335923361,22848.801785993233,1.1143859730423595,4.205353494897277,1,0
611.3105400448213,5184.005473992193,0.40978186037032194,20977.408657766453,0.7241434435176024,6.068729797272766,0,1
587.7672648344292,7437.017687704341,0.5545256272038173,19505.77399380347,0.9697190239721961,5.182187212511827,0,1
561.0639875547861,5484.618909674044,0.7553964350282487,22179.87694750023,0.8749651143233672,3.2969200404413623,1,1
724.8022155744592,4621.469746810569,0.14480444262603465,7338.769573901573,1.0693764207769827,5.012546312368837,0,0
682.7182828177029,4562.283096626684,0.6773202661429053,23410.34745031316,0.8769551534895605,1.9369293695127139,0,1
647.2207664544773,2655.2137869550143,0.30466817728853524,20630.889518309836,0.8230114223179837,7.300534791796592,0,0
663.9984313159911,6324.664665720738,0.4107436181544645,18887.625516108674,1.008181703712198,4.589431961007498,1,0
593.7255476350812,4883.244204480797,0.11533933014250627,30234.310978597787,1.0752338334382465,7.237099888510652,0,0
772.2875989808413,4729.2801296140615,0.31073225448401914,16625.32990604724,0.7663309610306397,3.946936625807914,0,0
656.4610590987613,9789.661351767292,0.4518418698410914,17984.620054674848,0.8877848657295248,3.952848023186834,0,0
655.4697397302447,5448.12936254853,0.13932325414320731,29957.76651102367,0.6883118732716694,3.471626426724307,0,1
686.2883311949346,3872.3134248572233,0.44376701056821566,15839.693475750717,0.4003877965014121,6.7523478633861505,1,1
674.0504615868357,4360.463605691685,0.7489774402008992,17249.423585317305,0.9400919262827458,3.581137685343048,2,1
661.1942012139566,6722.668563795132,0.17377525267546368,19264.87288284575,1.0217810712509263,6.289190864830353,1,0
610.4762772277344,5169.905615806647,0.635108509652853,24203.672410647745,0.9524133618173451,4.23509520466142,0,1
673.5734178567998,2842.58303252395,0.38676973736319487,21039.012536766568,0.5100876564491266,1.0480734002167607,2,1
744.1012248237516,6378.843401862805,0.5586216001670367,13536.873264238686,0.8298301139847051,3.859371864427068,1,0
717.2710023077489,3997.783871691509,0.2821656185896606,17339.157184364052,0.4563304479897837,2.6417835712743036,0,0
729.6593313319698,7809.946664326319,0.21164458377895082,16963.227833938945,1.173940221530837,5.067805447364675,2,0
624.4392161784407,6620.072098571973,0.21232382998985852,19613.89477388477,0.6827890835763828,2.6191845286510196,1,1
600.519758987071,4329.0171565118735,0.14934436195020126,22129.218293149144,1.1510807218919794,6.851950201429234,1,0
643.7106539950175,6921.5245426026695,0.22995269343087013,22091.02877943986,1.0891739287368292,4.817848279293946,1,0
652.7862456144347,5101.783265791105,0.5649535694922778,11119.94122975799,0.7198819294927876,4.644808010482522,0,0
704.7095759235474,6279.160512683329,0.7171834282904557,25319.70493780428,0.673443009746451,6.311784275575166,0,1
565.3767685142591,5727.099225941713,0.6698879799138133,21262.84422998312,0.9700740432772677,6.927813868151725,1,1
726.4775159730307,3730.4650175136894,0.579594016912139,26922.660237969532,0.7311351925633858,4.959802496460696,0,1
642.0996050710505,4034.6752515238068,0.1773023043877719,22220.99163645336,0.9204969284316415,3.457599400901419,0,0
628.655946502629,6544.941226371742,0.3024312124071649,25506.61478867881,0.8034344818386163,1.4520607677757411,1,1
599.3947812369917,4497.837001840188,0.3168648127257283,22332.726557250637,0.5437683171068733,3.62790048592964,1,1
567.2571664067116,4394.527305137005,0.2749698624783349,26731.12878101374,0.4539063961751082,3.765575506704077,0,1
691.1585291980957,3567.3161309759707,0.4605039617968062,22611.253180088894,0.9453368496989194,5.2141149059845935,1,0
653.6658983594202,5635.398598390191,0.47488767041577085,19510.42376778548,0.787688450733875,4.309706237723946,1,1
585.5019550129473,8093.7873788647175,0.3498201826197772,31362.17360223441,0.7893820366171735,6.3758659441028565,1,1
585.2460613968192,3398.7006286185906,0.34765241111550527,24445.185611399458,1.039172767818757,3.774033457458621,0,1
633.2107650354936,5036.329185009137,0.679988918534257,22868.722105022065,1.134688455326489,4.885917666294117,0,1
733.4510762644696,7118.330833123144,0.6525049938237799,13618.47791730832,0.8454910557276382,7.367974886393778,0,0
637.0204324318198,4880.537913131428,0.315457082176522,13558.461912682313,0.8318802586180277,5.683650427909933,0,0
574.8428523440947,5678.557694374601,0.7396519107112816,21463.577410709266,1.0000286066227768,4.879924916622871,0,1
637.7128467957028,3406.4097077796805,0.7669705119017542,20727.605988841206,0.628612886060085,3.796111116129646,0,1
636.3638215126165,5642.460645811473,0.3287197794210286,16929.387174958418,0.9446306109495395,3.7335372065700456,0,0
515.1556678529214,4719.283602493177,0.3480974641551384,20704.9134980603,1.0103771943644309,3.298773494096104,2,1
647.2852566741094,6478.594993519794,0.45394390739537127,27943.134640217977,1.0360460416835258,3.917986268434201,0,0
638.4532734895661,6781.079077347127,0.7587845687735715,23477.012372751495,0.512649459499507,6.511331677488629,1,1
684.8103182406709,8884.345463027921,0.7134236031996181,14294.957451236309,0.7477289460382119,4.556223457415463,1,1
742.4478047472672,5869.449759820363,0.17179757380851288,19442.455864285283,0.7243473494353067,2.300453861237538,0,0
706.3282514773879,5488.694474873249,0.3749115202899914,15975.167595737195,0.9199773908818426,8.536338586119566,2,0
636.5555654722584,5291.576452366004,0.4873598328248403,18061.500417957195,0.9961489159535968,5.639930382290326,1,1
594.6737045629164,4470.250560783968,0.452192730786078,17931.921671851786,1.1993420814891964,2.1861131989736613,0,0
778.667990162493,5507.7257651925365,0.2357041475558249,17611.772086979974,0.8010069039263854,4.116302145518352,1,0
652.9609217007244,4556.897884791456,0.7011717398177083,13724.323140133027,0.8004855003381572,5.221772765656835,0,1
650.6964645956473,5252.691464404422,0.5738585480977862,19361.72659240905,1.1299344037757495,8.409184186594754,1,0
648.7937456444998,6976.39630341194,0.6865358623962625,17196.96181576345,0.9593153877060611,2.7837750834822614,0,0
659.9042380383928,3490.1861520805382,0.7011349955446305,5352.7565499886605,1.153530302237595,6.952081438711893,1,0
642.7819794038029,6709.817841693568,0.6238490975660178,30264.860122508315,0.9577456006019673,7.7989728539446865,0,1
621.3168996559882,6975.672601009798,0.4074474208748021,25443.84827108336,0.6685766762573458,3.74269138985086,1,1
622.6570529379804,4822.897209513382,0.5273827285107973,18118.49637537502,0.6333743290444387,4.444972762279533,0,1
648.3623364892001,1817.217651487108,0.21225578428382022,20094.095248702994,0.5896975501882142,2.9273815052524594,1,1
622.8287614433118,4088.2670193583513,0.5715517922324355,14141.728263412191,1.0324103669516946,4.593077717839391,1,1
614.3577108661418,6945.4918198416635,0.22547727901749653,28478.614389054324,1.1377193646174018,4.926820051314138,0,0
655.3215113845948,4965.697906551677,0.5857647133571098,29486.44347386556,1.2698724282772762,6.319299996164741,1,1
637.2511391289572,3501.0466515576336,0.2607187125277781,20783.468641232623,1.068621066464648,7.1803669420408935,0,0
725.1996494291344,4242.837618157674,0.182285910105154,25117.653220926724,1.132567715506997,3.503807870756706,1,0
517.4515095803495,6260.9300397568295,0.2156991431000702,20876.43389466962,0.783996733469263,1.065349871548011,0,1
704.575342596123,5820.100352302069,0.1013944946533492,13316.372805620347,0.6687168366512286,4.957510441447516,1,0
712.3042596248814,4641.601851245458,0.6031177324974712,17940.883155181713,1.0700158664835107,5.587075059937281,1,0
546.3304883795926,4449.763382277969,0.6126807343408655,20659.639833859786,0.9835361504478801,5.498835375370083,0,1
632.8656202959826,4412.362776434267,0.4604533449392817,17727.261406282778,0.9214888748681785,4.346653504981912,0,0
631.4279567002104,3616.384723252246,0.2129539607387686,18906.73361282482,0.977474296126598,5.249504199327869,0,0
579.624415264109,7423.063534204162,0.15848803625748284,19543.002212454427,0.9646370964916412,8.030889616704496,1,1
611.1091656204562,4516.51929618299,0.11339027650610091,19595.607510672693,1.1567633719707122,5.763468337925018,0,0
594.4712077267086,6825.737781238245,0.2160237238756545,20261.292452487418,1.1589971169633912,4.253263149993831,1,0
737.6135221711811,7281.974077883677,0.7235988744882027,14696.974668016996,1.0088440704680695,3.9996043658080085,1,0
696.7839196573731,6497.466347221941,0.26907578919117725,16414.91925436032,1.0691605745125856,4.660295284644539,0,0
713.577754749708,4352.569530922928,0.34798992905205095,13577.078671500152,1.0028125104849552,8.273479923661279,1,0
686.0836032021617,5605.595135504915,0.17374183913693325,24889.077748431002,0.8077660535930762,4.633398580947605,0,0
593.5474114391385,4963.706590413626,0.2556529133237192,9471.765290798377,1.051312934982628,4.960411310958584,0,0
623.7739866860113,3644.4472089048077,0.4634571995461436,25767.951716584626,0.6211009862281477,4.035372858127394,1,1
674.468728061396,5486.538922582405,0.5254268781669569,26931.746986314218,1.1107783104591766,7.197966714883929,0,0
588.8936095554027,3231.4403132602965,0.27174661991634774,18489.09706508689,0.661095412046793,8.91967450948935,0,1
685.6499215086194,6781.519082692345,0.14041251145758205,6984.314560863508,0.9571606573589466,5.901226098862777,1,0
637.9837300920932,4303.07405405241,0.37372300838917905,18193.447190163548,0.7309692083147682,5.165545807570852,0,1
631.2589596225201,5301.739483809259,0.26394235964843393,19679.079193555903,1.0106777966148854,5.073565666348469,2,0
685.5479984101746,5424.9318073192135,0.2536877462608614,14947.008900355433,0.8932149548144183,0.2313864224285087,2,0
672.213165574302,4611.642539443884,0.7719039618994187,17423.908030958788,0.5810488083673335,6.4903017285696345,0,1
631.951691709046,5880.040702212912,0.5314103401480069,27650.975994316756,0.9841399262036958,5.268332831991687,0,1
707.9664901682124,4287.644515066213,0.4898149102204672,23324.635811508706,0.7844158446334579,5.85668410132145,1,1
595.9468336200051,6306.945946185866,0.39104257246632534,15377.179428109499,1.0762293441626738,3.5770756118325906,0,0
680.7967803472131,2981.030479629877,0.400261033401101,12012.00415202284,0.9002651377468814,4.231086242045817,0,0
679.6550628984191,5189.569369319618,0.4786335026866566,18364.913411951144,0.9790841970776076,4.177950126993654,1,0
634.5226780343005,7908.3934985874275,0.5875008649252751,18932.71610324781,0.7084862089969577,7.043245968146078,0,1
666.3066511121059,3499.503013091638,0.5915022673272806,22480.99593681658,0.7821335537145276,4.242480326793814,1,1
587.4443211807348,3983.3825442127227,0.2201857353938147,17323.416437161704,0.8082722727797831,9.165320644219594,0,1
696.201350960345,5770.861774488372,0.4500789264536389,22557.497876809306,1.0713404960485111,5.861724838030074,0,0
640.7548931778506,5269.372672909397,0.3883706665238714,29675.770200301144,1.2354754175610978,2.448634680008537,0,0
623.863848974048,5525.9451489103385,0.7093688763885689,24077.50511222131,0.7389656496514247,4.742907413496086,2,1
702.4504612918445,5733.780695221495,0.5419932448528635,19759.557463346137,1.115369628931536,3.6966497556871687,1,0
614.782815472862,5952.082202842655,0.4727528464911873,19084.24764473353,0.4660645164548596,0.6112350603599515,1,1
579.576935181822,6664.5497629343345,0.18077624952524218,18216.634329100645,0.6611621197815422,8.19894188022758,0,1
572.1685413238048,5614.7279853927685,0.5239465225263881,25903.204562260722,0.7082443087626451,6.406285084440007,0,1
680.300497567282,4638.113518072187,0.1820427339761634,16863.432770243486,0.6294982621118556,6.066414635798625,0,0
585.9785323751859,6008.860551804097,0.33604460289602645,20226.113544999913,0.583282322042484,5.330807320599408,0,1
737.7397090992182,7849.822902342823,0.1999893753700323,20255.989509405426,0.9825997824275595,2.2359648626151247,1,0
545.9035296058139,4801.04938042614,0.5844515529170583,17491.07903594234,0.8571864604544277,4.0327657208891265,1,1
734.8228184145019,3538.2060429940375,0.24437647968530685,13137.672260579497,0.975881079521022,6.683561549568026,0,0
660.5508733601309,6660.621003930459,0.3743015612316182,21614.87251808834,1.0380945372243027,2.8975599404349945,2,0
645.1643444064804,4819.428254069602,0.7269723443331451,19694.98014072308,0.9531233986345067,-0.06353863250162739,0,1
622.7540456595525,1740.9956809789455,0.2430214683792792,22501.20234718285,1.0315526352300748,4.545787984438148,2,1
669.9568057176035,6271.132515725632,0.45546354477114537,17331.998467804166,0.8860935427515462,4.716484891944923,0,0
648.1182648787576,4197.007721069116,0.3934901628162154,26104.10649406524,0.662601322338851,5.2711268328294185,0,1
705.1650941008261,4864.200076543759,0.11268682873201082,15616.131093940776,1.1115628361641592,6.457037287029072,0,0
655.711382433102,5497.970495853522,0.654930679500969,28560.201420089463,0.7821775734437746,6.275211624462417,0,1
657.5150880730939,5285.7495196685995,0.1483321344202198,11261.817450858693,0.7128807402475148,5.517539610487844,1,0
631.8193893893072,6064.17772570856,0.4319785146838676,22173.850322784456,0.8644164248391204,7.391062776173419,0,1
647.1527188139466,4346.770444145235,0.49247480645726505,22377.153412633117,0.7174378161406973,1.9620604383733706,0,1
665.390088444603,5769.658697264124,0.539898519630211,16022.214660295589,0.8165139236021136,6.009163628954781,1,1
564.4915803671687,4610.679983624124,0.582042140515513,22121.969689305064,0.9688107843126933,6.253076726673885,1,1
582.5907288947144,6108.215721331255,0.27729066846590056,26397.593348800794,0.9696683478492254,2.520875427839521,1,1
687.1632047011358,5923.05122601958,0.10698514366091456,8915.905803229678,0.7204339867148741,1.9942587826352214,0,0
658.5432719063971,3596.841946933107,0.6064105636484384,22513.724037454074,0.8024589254102511,3.508115747048797,1,1
640.8008331823661,6628.973174262548,0.474959619543305,7533.645898349612,1.1148666009540489,3.676917114969416,1,0
650.9216966532697,4196.054832328928,0.6852823922450741,15171.67598238396,0.9992800235467882,6.506838927004861,0,0
667.3790852680836,6212.086697421718,0.674971854030486,28145.831824504727,1.3150130078697084,3.77092243261781,0,0
623.0120159845319,5550.930970102011,0.6903283174515182,17091.08983303973,1.1360256347483055,3.2873029634375923,0,0
611.0847637298843,7757.275515192683,0.43956626198567816,14130.600177955137,1.1288586137119878,3.776732526610882,0,0
659.7922627548841,4664.801026442222,0.333539877085806,19010.311355076592,0.6224262899088396,7.237264668308423,0,0
601.0813611192484,4476.0248058227035,0.654090741813959,30339.531690817763,1.0527720703266845,5.0260867487539045,0,1
670.4126377857236,4970.870591168401,0.4159058791204785,10841.588763969869,0.8893786396606179,4.641497949286176,1,0
564.870819788108,4545.230325748586,0.22840953748240417,14743.450441803277,0.7898036392923501,4.7799890025978975,1,1
701.4577818662822,6199.912852913075,0.6984818136930321,27487.15841589813,0.9336030681065057,7.584120668653045,2,1
673.6298741206522,2575.534087345118,0.7177919137406431,29288.511717688663,1.0890423069222968,3.5016565467935163,1,1
662.8014867156937,3419.476371280469,0.4264168292981191,19482.84387854858,1.0001663182008422,7.631016581880208,0,0
699.1345491972756,3398.2956176312105,0.15298980911685123,13804.736487366787,0.724305239731588,5.420992597843007,1,0
733.2737222231289,6425.461387960364,0.37147826294185193,30479.217509045797,1.048491782718524,4.679161236049304,1,0
700.7185032509066,7565.920058872887,0.6624763616238224,27972.211958745982,0.7724824915848072,10.001800995868564,0,1
557.9562884334177,4843.326172193792,0.7312418199823602,23394.734938811165,0.9433366237928573,2.8887210204028073,1,1
586.0211516632149,4746.767415214984,0.2424309197483171,15937.9882553129,0.8393299865045731,4.292628480865988,2,1
618.7590711152161,5105.078244669772,0.1468815284176901,19754.853295809815,0.8562267496528748,2.5351375216719996,1,1
651.3045525105417,6742.817453912286,0.7141453171929871,19198.199594775848,1.0532485950081019,6.904923941072338,2,1
675.8829510234561,3608.970298714139,0.3725834572852127,21654.25652307789,0.6919612560368205,8.378377867303358,0,0
613.7128093423268,5357.5534741021775,0.47923267498729427,27255.00719065668,1.2890390148553865,8.339845562809277,0,1
659.338338223854,6462.796444673644,0.7776460684355313,24397.085205687014,0.5357827861411008,7.447897506292009,0,1
612.2308533823339,5751.641254909768,0.146595309539956,14613.119615076208,0.7804664633490286,4.604759064408069,1,1
619.4241098504026,5284.372424898115,0.553822605216467,26882.482250097688,0.9740423779883483,4.269518045020307,1,1
579.6669451575889,6501.569138850712,0.15187379580240695,21565.660700065775,1.016862833287062,1.6576604550118699,2,1
603.8383376944548,945.1515605011441,0.3628282499265503,23435.32897929458,0.879904855885659,9.071747070363585,0,1
582.4157697191833,6016.812979296361,0.6626701816354128,27332.704296393014,0.8885218593996915,5.937956156296935,0,1
601.2063373511334,4018.886475308864,0.4034305629289441,14442.098752432245,0.9821100170655234,4.016086190261034,1,1
702.682089830392,2254.0506547153145,0.7980276477320654,19820.872106467687,0.8537861045084639,7.656113777973935,1,1
602.5300555584029,5766.803899287471,0.4913414994626215,17342.727243203924,1.1786362515869813,3.0544709664799985,0,0
781.6191032418695,7060.487817744437,0.32481350684516747,12160.70287317272,1.0678698228463204,5.813244068445348,0,0
674.6658950440444,4793.827228058462,0.2540779281333272,21733.5498880246,1.074564870201127,4.654741731418331,1,0
659.2418061847437,6429.311820804408,0.3453643740003133,32557.78275792212,0.7067686553259166,6.277354279760602,1,1
607.0821109909393,7418.417386982968,0.3607732916316856,10799.611277471236,0.8841223151188594,4.872852921627757,0,0
685.0154939704496,6972.371680376071,0.14809957440677268,19838.596944752648,0.8399068102558593,2.0981442177775516,0,0
621.2181086881113,7459.946794057089,0.3587019395987412,23202.714675373867,0.6988797248621068,5.151152745340076,2,1
656.1004907322681,6113.191236607839,0.42496696381745747,20615.391008280905,0.9720328367891534,7.097728283750724,1,0
778.0042269134398,5113.150458352389,0.6059164265671633,19434.3597374213,0.7924708484440367,4.941567188292029,0,0
645.1970050137675,2597.0512821542475,0.5597106393051257,13503.918182770878,1.0310807659700474,6.550230243178172,0,0
707.4636663142838,4630.906267805077,0.596135958660408,21163.93371470082,0.6859616874211336,2.9089410286518937,1,1
614.8411787437057,3735.1301070257123,0.10585457731379998,16216.180114920367,1.2438081225683644,4.947478413460296,0,0
648.2505754751519,8256.414076246721,0.25236717970637523,9050.391475107233,0.7207334682815877,3.7509790898228452,0,0
738.5400317817755,4736.171281351495,0.5631790018798996,25972.961102568654,0.9438604674400872,6.49396168020942,1,0
618.6516471106116,5184.807210176728,0.43879255772582304,24791.92909921021,1.0583718620776135,5.062983124523991,0,1
740.6224278998465,5827.228064060701,0.10371943296784217,20258.304884255398,0.7858719139599775,6.380147352673225,1,0
685.3875967727738,5065.403669558681,0.6631462497022756,21145.373441028514,1.07049372868659,7.175420852315732,0,0
621.8766612052866,7542.57656064613,0.6409667013032362,25371.59006357781,0.6541632804399168,6.383237150242777,1,1
681.620386952776,4066.025957398322,0.4838934140954939,21121.69828389041,1.1904235398365122,5.546236868587289,0,0
698.6277224813365,5291.911182855864,0.1465243280433905,24520.087773806572,0.9028298529931517,3.0035754829771895,0,0
681.0904981108598,3886.2941214529274,0.6365605346728093,18512.58899563075,0.7807177184062241,4.994427778666197,0,0
571.4887640054772,3019.9662331689415,0.5085995114119548,26559.91869286973,0.8401636455145132,3.9338191959683337,2,1
613.6431412087566,4082.346363642072,0.6473719840105715,21603.92862966342,1.061783853878544,4.3118720865915465,1,1
637.6240682224247,4944.444804427382,0.6262228946770884,20970.25971802937,0.7831089416299124,4.250931698499498,0,1
646.2783285449976,4356.04666322411,0.6621014503704861,13649.694556439841,0.7501284621154445,3.0401488504355108,1,1
681.0336048775339,3961.368530189216,0.46260564648323743,21434.779271508545,0.8556926804832524,1.0853228217320203,1,1
658.8850500466627,2890.5238044922494,0.1982271627354605,15840.225412527743,0.6646075774460064,3.6637139033444663,2,1
583.2327820644949,4875.341641056958,0.5698102313657821,16808.58636735753,1.2641087815883632,5.386758903848318,0,0
669.0098925502982,2742.919438953497,0.5343316495363795,15923.121858419394,0.7867210817570554,2.3036459091450197,1,1
680.5292872641911,6140.083945534404,0.619577231039361,14668.825340503874,1.0663233572360808,5.031364472943249,0,0
677.989522396552,5123.6596294017545,0.21891670423551474,30623.85701508481,0.9418940167295545,8.80053684862193,0,0
704.039036277731,2813.6727508026042,0.23648263993020247,26656.695309942013,0.7030931899036064,7.0461131105044785,2,1
691.6961077274452,4536.186384425205,0.72328666205353,29601.837510721307,0.8988090581574542,8.28708301824106,1,1
672.9590039614218,3871.7653916141253,0.6249844589164496,13885.52490222218,1.0568005558621496,5.782255753865453,0,0
646.4917144270677,5478.76176562877,0.7357599420902261,20356.268749554463,0.8623477329827387,7.335019645972892,0,1
566.9519533242004,7010.6756690347165,0.6311007248147446,13532.461873979522,1.1386225891702055,3.552070539064425,1,1
671.4809109566293,2187.241295531383,0.5180087141932114,16521.52561401468,1.1043030785563728,3.7113194659560316,1,0
660.3843843581556,5172.539118721126,0.5578929159195116,15409.365082917126,1.083782970931666,-0.47828041227494555,0,0
663.5789418597686,4759.80080665004,0.722389546758007,26197.920032207807,0.8080686455454006,7.372290948084598,2,1
586.1625712089846,6007.010114675699,0.5051647281583584,18018.8516094912,0.6840315104437026,8.080647959639773,0,1
595.9471729795869,5319.794942356533,0.5426739270298713,25341.896668470083,0.7772824789274411,3.8936455093054603,0,1
702.6576426666452,3872.0460023917713,0.2095337012025204,23020.60444794259,0.9392481881333441,4.49209658720553,2,0
648.0222423071673,4521.419096500073,0.43174485408127194,31518.193760523944,1.009157342706471,3.4922757726180773,0,0
684.0750348686312,3805.9612147947664,0.6014779783706693,12602.77888430138,0.4656857190479105,5.765307102954983,0,0
651.4159188065231,6614.010707897897,0.2896598888214558,26296.166198933995,0.89837735967765,7.249865090606482,1,1
651.4878069747873,5031.967473007913,0.24157792636717446,25732.20435200364,0.9316178450646369,1.514456052237918,1,1
696.9141902987999,7851.786028629511,0.3196787657570909,15133.105809864828,0.8444911487368897,5.818877061284504,0,0
624.1977635891313,4909.008779278069,0.2690504395949834,25035.666682365798,1.1582547678031758,4.446656456561709,2,1
654.8060388470492,3937.389849634306,0.2504388459254771,21680.724815131143,0.9843560148501742,5.226788783933379,1,0
626.8862355647478,2729.4284110807594,0.3973955900076609,18862.61870023296,1.1620383816161794,5.917988003348582,0,0
628.2751886283842,2295.2904856160826,0.7354869597184739,15880.322565140003,0.8568078959299535,4.623595122454358,1,1
634.5413938265681,2623.7960854917656,0.4549417527171028,16404.45274275407,1.087495498501385,4.792826293188439,0,0
661.1066885816856,5400.689976517225,0.23154426657072613,30249.06047892963,1.227013278905504,4.572249664890722,0,0
626.0625689168261,5763.087534844901,0.15388016856661185,20003.414094787415,1.1623386898545323,6.940632403576563,1,0
712.787806278676,2628.2139469517997,0.5873093015965477,23910.650007657296,0.6815716813142534,5.837519920254993,2,1
605.2696348890248,6342.5574711141735,0.3679591351054715,16045.503091662235,0.8492647844915239,5.441167075474722,0,1
640.6564177919321,4275.40842247484,0.6752816626097515,16100.735268891805,0.8309670589100407,2.4580965578154346,0,1
628.0134470862913,5220.189517978324,0.5616575380485391,25409.92404624971,0.9978509070152656,4.242840513573691,0,1
722.3488942176866,7418.330942383136,0.657369015378958,13252.11894224234,1.0372707110029067,6.797338320678349,0,0
659.8277388255788,6345.258973798298,0.29036222759291413,17923.931160473643,0.7322214651948528,5.075393146247846,0,0
701.5922269734317,4597.204028141252,0.5846512457227407,20170.13705536116,0.9135677027833875,6.319062939178277,0,0
575.7219813481514,3663.2116618770688,0.28484338928560315,20556.86300920026,0.49601453356877273,8.533023600655268,1,1
663.352513293463,1772.2768980060428,0.7573479356152042,19104.53357491922,1.188389001160378,7.077212138417633,0,0
694.4815397811718,3921.27002113637,0.5454619970733621,21979.098905479615,0.7975251518646613,5.1863166753994845,0,0
654.1141994637712,4683.304641758458,0.3271582601227395,23464.278779089058,0.9111727879688994,3.9780216596085456,1,1
703.2740187532676,3519.230709273224,0.2886583036045909,23673.18772729665,0.8380700572023878,-0.10709919211179653,1,0
624.1355774949814,4803.114549361543,0.23364860955015046,15070.980956660867,1.129205515002683,4.663230155054295,0,0
720.467372009279,5115.2778244381525,0.5862486712256095,18579.224510356013,0.33249871172052425,4.347975008366301,0,0
764.9449061809626,4662.716027287882,0.25310092909854914,25973.81430938469,0.8966779315348182,5.780732388790751,1,0
631.858071978017,4024.9961287648102,0.5167122861492424,24473.23593786936,0.8788362485004605,4.692189546050625,0,1
627.7248739299614,5252.982007950091,0.28524451884775015,13135.70274259468,0.8092727224816635,4.359229881126411,0,0
722.6692238558851,5662.910974354114,0.563378261355708,21757.399501761007,1.2452453091271265,1.4412021389855587,1,0
728.9786072865356,3364.401383835731,0.6704578099783775,10108.873753125948,0.7225341082288458,3.120064341699867,0,0
623.8569986423366,7116.398569619405,0.6446176702012573,20234.674510301847,1.0543592354471323,5.953302081601115,0,1
628.9906591452071,4852.117801573608,0.6325959316515473,29488.835083729886,0.9712505577412167,8.431815262265388,0,1
635.9107695569746,5028.274434417272,0.23140568398457648,15260.536413655069,1.1523038505071033,4.804949232508753,0,0
582.7774744482862,6062.3216348848355,0.1618694628891631,15828.38477254209,0.766562183044499,5.655622147148247,0,1
604.06740267579,5349.8241968952525,0.58926417994117,23820.1489078643,0.7534062201752483,6.904956313905611,3,1
599.7929616623966,6429.704950869867,0.35784304965604596,12285.992423951771,1.1192139814954798,3.3782121275995003,0,0
611.6101217447936,5430.686247802736,0.4026423584823432,16836.224850574807,0.9850642616660221,5.733628086570884,0,0
648.2657556306609,4081.343938039343,0.12180436495537375,22982.20568790876,0.5910125306646483,3.519019787335683,0,0
661.710736626826,5542.255287809153,0.28170351449253445,16828.570761552983,0.7921389971073459,6.729648876982022,2,0
727.5250246407038,3284.4106890190073,0.12357348271212482,18820.15006394514,0.9772765307696122,5.302806095903465,1,0
600.0822979630605,5162.839558664785,0.7154300408208734,23720.928551575173,1.0675528443093178,5.596903627962879,0,1
699.2161199238292,4950.155014033308,0.2703776782529713,22107.730417682807,0.7641538693614089,3.434802805162822,1,0
639.3005577887245,4687.824714091191,0.4901360187011057,21334.09198147701,0.3171488020366118,6.41406471922157,0,1
647.5268145173784,4807.193732841604,0.1272855244627913,18304.388603649808,1.0046446371474067,9.169425842462033,0,0
683.7409746083301,2177.2264317535414,0.5667931739139607,21850.305576344777,0.6559358620112048,2.9841766091435877,0,1
593.863898921885,4176.912638388558,0.32611914202786574,19381.336599501217,0.49653224037551774,4.320481984704952,0,1
669.1204873092025,5139.267351711672,0.7285434308703661,22289.028049628923,0.33353481500317184,5.463214948336184,0,1
658.3226104106528,5239.7845879961005,0.7216827322538251,17515.339874410107,1.0627961720395482,6.572812423991633,1,1
674.6225632004075,3458.4872886110625,0.32770343285322345,19087.155128102295,0.9257234900809933,3.880907429421062,0,0
664.4584321953909,6898.561761297051,0.7306726269833276,15050.21103723993,0.8548687238575496,-0.66606058028548,1,1
772.7650069955447,3700.737727678249,0.7973103714491452,19824.96194996882,1.1778048725925523,7.71837898832805,0,0
618.1130007874342,6454.185800790105,0.6777909648867637,15944.995681855777,1.0274649366046145,6.521012239168285,0,1
623.4501522499091,5640.791542807528,0.6914099434286604,14429.767749190032,1.2232600085443832,1.5141049390266699,0,0
618.8429736787618,4030.6590352342955,0.27430611527636295,21293.30573927694,0.6214529055666007,3.7848624164408884,2,1
622.2261440419873,7662.966338914268,0.5036916792004295,21063.698879288302,0.8930898752092074,8.136364859054652,0,1
618.1306436346741,3209.54475236528,0.1470791397771575,23914.368674742862,0.5766573250103971,7.895592836915732,1,1
709.4508265553776,6378.731260415002,0.1664425557751688,17844.372152124506,0.8541235336289066,6.877280045357889,0,0
721.0252123994927,6500.873477064468,0.7992248284233034,22040.264234183778,0.8502768292466646,4.647775132080275,0,0
621.4626853125262,3994.0696863850326,0.3286474745981377,22753.987861368318,1.0253227274526142,5.16597483762502,0,0
608.3822213447886,7088.6979500964935,0.6237287384341925,22223.869039157973,0.9091127762283797,4.738148389747747,0,1
673.5707778193203,4624.930228101571,0.6646655371187715,15871.73158598929,1.0246814276559832,7.256479566537675,0,0
622.3888477859514,5433.0404439197855,0.7006162897050605,20746.817411355943,1.040688026627779,3.24831518700978,0,1
681.6465908877756,5390.482758156832,0.7983398081815096,21820.701480273307,1.3309857354766286,3.388400690231591,1,0
660.146151042565,4798.536887794178,0.26904753967980755,20035.89233453971,0.8369406689427752,7.020549173672031,0,0
574.2127942501384,6216.212409739674,0.1282455788017898,9567.611708144577,0.7117954598667242,4.911277088976877,1,1
727.3752600665031,6190.2330808283195,0.3878340625962102,20802.4481198674,0.9492167230632818,7.7569347109076165,0,0
739.7938836547761,2377.202040142729,0.1910564688802629,31062.655196986212,0.7395439945720913,3.6569755860389086,0,0
619.3605654757807,6956.510364317229,0.11569812241343859,18199.80365621509,1.1963921536873072,4.89044327932235,1,0
630.6149220032008,2506.2620179464884,0.3522987789990403,16359.614510723393,0.8433563922109535,3.1551740303120934,0,0
664.2932695362452,6548.819306512486,0.6486167757526655,21866.742798556992,0.7868847264252019,5.014725362847134,0,1
666.7228394993513,6690.0577052413755,0.4963264838575496,21561.89105233286,0.8057368557697764,2.042906126002402,1,1
682.9272136336415,3363.5503546772024,0.3189445924472478,25963.675827082072,1.0436834846943281,4.024733158090075,1,0
750.5102269383175,4383.778568068123,0.5580394038449038,13710.65922045556,0.8684506033537029,2.1274922701437644,0,0
641.1526386252975,3341.4429972710964,0.2624127262161675,23656.901262874962,0.7716666359739235,6.387846466382516,0,1
610.0851377730773,4677.618454566897,0.11006701225045952,22952.110306257317,1.2330703835247063,6.433178679519303,2,0
581.0340385992737,4537.948573721388,0.6350473705054992,19289.26731529727,0.72876603186765,1.53947453903131,0,1
613.4534980029041,6169.49079840401,0.5366201594048065,21693.43658960845,0.9071132148065987,7.667771491001146,1,1
648.3436513563101,6965.463119179412,0.633611837150672,25147.287407991786,1.0304612303220462,9.994830252839709,0,1
739.7278931758893,7093.525716184934,0.12725661168136593,24361.576900142252,0.5737329779165854,5.092012773472682,0,0
624.1194350481915,4156.747960132547,0.6859837394814565,14284.903439631356,0.9960521002811851,3.71777147955071,1,1
661.189397581945,4686.167189383208,0.5336683400254124,24100.79093377742,0.6889784649039101,10.648661182006093,1,1
649.1788551963624,2474.842711668575,0.49437674549884814,19676.556974837407,1.0645565561668004,2.3620630033949785,0,0
709.4196636724042,3791.1949002557167,0.5372298336801722,20364.370490077577,0.7074697976162048,5.0402129337381965,0,0
776.3466212936811,6447.277449646186,0.7051032728078549,20365.984955008473,1.0385538063697721,5.359244545263847,1,0
623.456561353984,7423.374235322348,0.510855554591235,19248.7850560087,1.1211666132589426,7.690295240904829,1,1
625.5280278740889,3148.476692180117,0.5066652659217256,25958.537485535326,1.0722873051265611,5.719477950253577,0,1
702.2080438534535,4111.303611270659,0.7934754099460362,19581.41020075394,0.9502633296476205,4.002732208423097,1,1
684.0945744813156,4960.391364561609,0.6297111169479976,14402.269358084157,0.8537398114140602,3.0976312592240878,1,0
742.3353662868017,5420.24173822941,0.4096056638157948,18032.350720151357,0.7847160847330312,4.316356359507729,1,0
679.1964092662982,3785.594720117531,0.5951779000230495,20893.47358405238,1.1942069381634208,2.9861452781097118,1,0
632.035395460647,5636.091566696135,0.372461330184252,26146.07392148525,0.7601009559664713,5.0956506395693655,0,1
679.5327415346154,4289.240979393626,0.26021282373844934,23015.473424744167,0.6925867852860008,3.871607640279027,1,1
705.4351790291454,4978.321593682581,0.5177963138214317,15747.323606264781,1.033073787006566,2.0119244134204988,1,0
691.0241090598682,5819.42637200555,0.749727468679766,32425.94958339446,0.740772639362701,7.5102915767498075,0,1
675.3637015553649,5009.633404716406,0.750397664010824,21323.8765548899,0.7099873005067746,4.004654953141921,0,1
703.3337344794577,4345.421164210147,0.3393336946738432,26376.953689995076,0.6112791475660471,2.463726390049375,0,0
708.4647795222836,4835.5852941112535,0.46937422635518655,19241.427832113855,0.8034180321078965,4.663481731024917,1,0
719.1079495518763,4867.455561191997,0.24814512899890287,22666.796223527246,0.8834569952207014,5.136743131935318,0,0
682.4354943794822,4444.983455176808,0.7969417766492185,24197.342522592022,0.9486183455321398,1.5070665488419328,1,1
641.6440959841573,4611.805905999347,0.7867825355075551,26090.97355877128,1.0902612488598966,5.663295334251526,2,1
657.3356843216661,7397.9707557570755,0.5546562507952132,25286.841526891127,1.0053795847331588,2.905684862619471,1,1
710.3254483254178,5841.379171911858,0.6630898417742314,24360.98500036489,0.8618255560893641,8.422057618381576,2,1
609.1532164506382,4556.77952295626,0.6005701128985901,18424.566344029456,0.860360864724056,6.047921024153469,2,1
668.433665443645,6045.431606766104,0.5152107533276278,17141.269790219692,1.0020314937830368,4.2002000197813665,0,0
630.333059383632,4499.270765365985,0.1373435978922284,21663.03755162099,1.154514032585714,3.509664459365299,1,0
651.4372411467409,6759.686956379962,0.4183350397868628,24665.640361705347,0.92526283989664,4.790064584872752,0,0
713.9225931303649,5554.463288297141,0.5723504115171875,18886.396496116966,0.8061738291579182,6.22558148316658,1,0
659.5549534009951,4839.046783993656,0.5742721297185793,25325.859828571934,0.7014267997828909,4.949011742829601,0,1
652.3218274078074,5671.575388715417,0.3611858328956685,27263.083727430898,0.6109589471175549,4.565682385726287,2,1
582.0071929510041,2643.685771897251,0.7591843906606214,15418.395404632902,1.0332539344087046,5.116740581635791,1,1
687.3126783013611,3309.8487966352923,0.21714992256574672,15815.3964810186,1.0155957047279114,3.7922821375260907,1,0
682.2742090570538,3209.112490401417,0.4502516123508925,19298.124705473318,1.0154727050213324,4.313588146313925,0,0
758.162736165273,5214.41464214556,0.583618783585576,21538.06334094598,0.8742681107295889,0.828415122189992,0,0
634.61108825235,7598.772499227638,0.5879950641242665,17377.164931164745,1.1813869491783502,6.947452461704735,1,0
660.957516383197,8346.950219288949,0.554047269738171,26761.01339433572,0.8031763010830365,5.597595560643524,0,1
662.4691841855378,5957.076652161136,0.2927017494163021,22120.334307592257,1.091053847441441,3.45308831193314,1,0
728.8726639881737,5751.266712416686,0.20934459808063538,20197.235241203696,0.8922514210020914,8.797469962710478,0,0
645.2352233806524,2298.4133987708915,0.5451582287786977,12820.452380657363,0.7783298470641324,5.174032960784773,1,1
663.951076288517,4185.989300398967,0.5195114812976065,13420.920917862464,1.0185060614635524,2.9277128560496064,0,0
680.3948254858269,3818.3243721376416,0.2255492072024687,21405.046251409032,0.9819272237367987,6.713474842940917,1,0
659.3304561578179,4068.728602623326,0.5935974018993944,9337.021869225819,0.9713945518533853,5.7960964330185245,1,0
627.6783192724736,4747.784272122815,0.41862039421355957,25063.18704822036,0.9162556844112397,5.789159970968439,0,1
659.7044996449154,4291.864133454309,0.5674324141222071,19209.230778138397,0.8924213836566338,4.148488790696819,0,0
703.6815874929886,2031.0502844363186,0.6861569558391055,36215.464847973664,1.3776743985740878,5.90099144755607,0,0
598.674235029447,6121.865384176301,0.21880990000384623,31539.581253080552,1.1368513290392346,4.476483419557811,1,1
656.6484837073438,3390.8854613902904,0.11340140759778568,19092.754653762415,1.0445653789971026,6.111882903291685,1,0
614.9939592530413,5358.870296166724,0.6453718104770507,19468.314987343427,0.9223598316406777,1.1901110919787223,1,1
709.7523314462421,8111.12400462496,0.5267881976068312,24977.90757001015,1.101431440119334,4.132253074041622,0,0
573.8406547608113,3620.923112620365,0.5897476987354853,28515.86304959019,1.0035989552782905,8.444310195616389,0,1
622.0539076364206,1204.5687158805054,0.6867084824920499,11809.854712819917,0.9052409505548071,3.465865089199399,0,1
668.860593753226,4570.993667179834,0.6619676543771503,11068.122673226568,0.8392871349468171,3.7923234050136267,0,0
728.276201461717,6651.439452497856,0.7726441028501773,16889.825972228093,0.8838165324674624,4.10407732310005,0,0
646.7124869463506,7937.521181330891,0.47515455519648275,22913.687915869323,0.26591485282438887,2.5703877282227134,2,1
622.2400236653401,3155.675608321375,0.4419469428619338,22484.367952537985,0.9421201678595283,0.5834384475434957,1,1
744.0578534720295,5745.048834854782,0.3813210399235111,25348.85727491925,0.802304783977928,4.538827202952774,0,0
577.5993049791878,4302.03431482992,0.2075837299909432,14001.512358173459,1.218533999656577,5.271718848163314,1,0
540.059702168996,4841.077468543796,0.5008250630174157,8419.280685155616,0.9038688141623509,4.894989862922696,1,1
672.0007225026666,8966.515020525552,0.29390876702818514,24290.070976510728,0.6622073160930076,4.7102428761042265,0,0
624.8972887823694,2745.54450740727,0.7449152585490829,15859.018635173827,0.8900239691743764,5.0860817417007755,0,1
598.9383591434644,5380.60949224186,0.5082335629939684,9907.56067805681,0.6907757829874992,7.045682943101529,0,1
685.4178223649676,5701.53975764815,0.5149881263556771,20725.31872979691,0.9946814831424933,4.619107628141567,0,0
662.19003568856,6628.679487409021,0.348447262613907,23965.878441093388,0.9581894728678971,3.8518348458254605,2,1
621.7960684631636,5146.974730206343,0.13639254638439524,19389.714339393613,1.0915679262216536,4.437749030223827,1,0
585.9847800664553,5462.075809256154,0.12222063576109204,17710.758069087555,0.7418236416610869,6.158693519513552,0,1
693.6228664140073,4412.527148867313,0.39633460090723827,19203.188839270468,0.9068016192456294,7.824053757086499,0,0
682.510058897933,5403.690411867661,0.1591957646680665,18147.086187996087,0.626995640914673,3.743712521661643,1,0
645.0412068110309,4485.211586753884,0.5247928688780974,13259.764440299165,1.040298956384943,5.197867574057767,1,0
742.3318498023833,5932.357834784076,0.7166811039477602,16426.59661504784,1.0037742360880244,5.676714883871919,1,0
596.4957616836924,4445.584495934549,0.7180403715631055,22606.39952506907,0.9991610042055142,3.0148439865423544,1,1
573.7237414537631,5565.65059085328,0.5613317870925627,21608.3927068825,0.9003238062713882,5.040834334425837,0,1
615.4045965059378,4956.105779472532,0.24786228203105173,20840.299029834103,0.9829545781577582,2.06865228531581,1,1
647.7206991822251,6689.075376158253,0.7040977819512105,15024.257590733103,1.2208678216617193,1.4618993925212025,1,0
662.1669724661346,4922.909414617271,0.7202654047192457,19092.484189321665,0.8429811485915972,5.733492815784514,0,1
637.9381971071836,2340.4512976896776,0.23765750946707112,9114.674767785726,0.9277290367420169,4.232250517338434,1,0
667.6027698257149,6892.882251070987,0.6161982600394741,20892.38331942695,0.6827747401637181,5.404560815242438,0,1
587.4230287904778,3641.4015487060715,0.30056368424898605,27144.288539067835,0.7263478076803336,4.9642100459833,0,1
722.188230203663,4019.35049202677,0.6618482186470508,12629.339339789472,0.9195626586186615,3.0471999026724053,0,0
645.8924410803716,4106.508058934762,0.7980665299325219,17070.361633411223,1.1207867093403814,4.909491396071327,0,0
705.8647915794064,7061.657139756226,0.12101820373057498,21645.533893550648,0.8487438351496855,2.5337973899702897,0,0
667.1362673188852,1796.488679031957,0.7281561060536523,26264.213172137417,0.8528166941375752,7.781944716002801,0,1
672.8376609576892,9706.62280048999,0.5358413735190607,17758.876918499252,0.8186229510991251,2.2880593102800724,0,0
678.4883640116102,6584.085213599077,0.7813678334153749,16538.74835367052,0.7930486658311354,4.6084294580628375,0,1
672.3854280008658,5334.85837119374,0.4255066622684993,10155.384287919584,0.9589942911417644,2.915456823905503,0,0
682.1361379933772,4917.65899907557,0.6931715513999617,20517.190646540534,0.6005484709642711,6.140842346721591,0,1
716.4576265066215,5428.331112286485,0.14367584801879407,30210.38020071872,1.1561879153333456,4.337137257436995,1,0
659.8260584850735,5781.683642569007,0.33469533505480703,21386.79230982338,0.7669155403741079,3.9626665607575795,0,0
685.4501878794256,5967.823378925085,0.14691157642584698,19888.605104081435,1.0443806970876284,6.706403090103109,0,0
645.5132152856387,5833.406699005172,0.7827401934353494,21610.41155383493,0.6460002805212248,5.058861183355105,1,1
722.0058607724736,5134.371021882873,0.6718817350902857,19944.53998025699,1.0337680261092437,6.033288891871934,1,0
616.1803848970366,4703.992369539011,0.6967831948721794,15934.92813869935,1.0343889215628996,3.03734812696507,1,1
740.0470216455408,4773.090074519732,0.756575662003726,24116.399578388526,0.9768404144011793,2.190366112144986,0,0
647.9921024677828,4707.637579470978,0.15957244028384976,21128.807615558773,0.7011142956400416,5.214415924080267,0,0
578.4612448940976,6700.655145300597,0.36991831475933334,20088.066259668285,0.9499096379196155,4.362307289010538,1,1
656.4052207455395,5890.335083421292,0.1497244223308015,15123.16986360875,0.6633887630531222,6.2528693449078885,0,0
615.9474171262559,589.41704800358,0.24755517108502006,26517.539659673796,0.8494473489807629,4.8401830946749005,0,1
692.0321774494362,5983.851164794642,0.26055604392637066,23323.51372666555,1.1058826201910652,5.41015067846926,0,0
617.3688010348804,5292.104292078162,0.42837504773330515,17235.39581316349,1.0593403854141483,1.7532349401175131,1,1
627.690828339261,4971.936865331154,0.28799351721754984,25009.124268409687,0.9030365885080867,8.776873879228514,0,1
555.5229634527234,4417.222320366671,0.17068467477243277,17512.145808073965,0.7050386848154316,4.671516029935936,2,1
627.3846840375462,6686.16907997902,0.2172437623658754,16089.982537444816,1.0291175424348387,6.395173940678398,1,0
528.8060336685521,6421.289693184287,0.20309289448646367,16201.484412598566,0.903876247539605,3.327816659560747,0,0
570.8048588257138,3840.6834982645864,0.7811537585386088,11144.657234559543,0.4359368803539153,5.616019804434682,1,1
688.0207328072149,5610.578430686803,0.6315047548429316,22357.71190209103,1.0565259652633037,2.3943104729505094,1,0
689.2900079325416,3542.514898188071,0.7774330256886934,10844.27560830825,0.8951534332260616,5.904135676519342,1,0
671.2728780892483,2930.5727528166044,0.407818340555536,13857.780843671186,1.1404902495966145,4.288051831228334,0,0
601.6511928435393,4059.924163115052,0.29485793716385966,9622.059954607334,0.6809458962314391,5.058381007871135,1,1
647.6144321929011,6293.590208574138,0.6588052380464307,19569.651536045534,0.2646592373607999,6.395948060260195,0,1
649.8198730454716,6429.68756806413,0.3283777426288028,19248.39769864064,0.9558167716690371,2.5349193775594396,2,0
592.0817655403729,5769.628130145939,0.3095683615937438,18366.51893406818,0.9583127353363946,3.631016538774406,0,0
725.1699150883576,6087.643680271995,0.2627541945454819,14787.111526647119,0.5618656744787096,5.9146485621735305,0,0
693.8681145287836,5774.2674306724375,0.19077528475696476,14138.8312328168,0.7043000908266788,9.196442949093495,1,0
638.9517913085168,4037.7776071655717,0.2795241427117362,22321.84931773287,1.4510435487439803,4.723835330677036,1,0
651.3442919497265,5647.883817010911,0.3487238239317214,17247.24034145756,0.8388778771692393,6.182272235847865,1,0
660.4191403973776,6200.614287841523,0.5717959457020113,21581.791607680723,1.0461917952752433,4.7860570602830395,0,0
547.9132565787854,6131.436994720361,0.14379538955361612,15573.756569378887,0.7698680345263232,8.884491189512598,0,1
637.6411308739702,6783.370057211964,0.2473548577657401,20905.313713855412,0.48193942022936864,1.5055566660694888,2,1
615.9007876001101,6062.4557708015955,0.6663165482041735,26516.39018658032,0.8659483506408189,5.189242089338716,1,1
599.9189995052542,5527.172311312374,0.20284534650863956,22930.829001963917,0.846879087942779,1.748911932875878,1,1
635.9449853557022,6605.225357474641,0.3398516025657651,17937.9309089176,0.8200243522663258,-0.013143141073433284,0,0
739.8843263424761,4960.21811112641,0.7052612453006981,21285.994851779637,0.8770718328987215,5.594924106235633,0,0
682.0421430633505,3677.188023158423,0.20844771780040988,18796.674127348935,0.9528536543291273,5.278995592294918,1,0
621.4410505108601,4755.399554084354,0.15791578493273295,20039.40092347364,0.8699766097492387,4.430326124515597,1,1
678.629139067808,3882.6460327903264,0.4391765965560076,18371.94473925748,0.6471987664105272,4.787611819920493,0,0
